id,comment
1,: 推推
2,:  Oricon串流破億 海外女性史上最速
3,:  (24周) 預計3周後被Ditto刷新(18周)
4,: 推
5,: 推！
6,: 這首音源真的很好
7,: 推
8,: abc真的很關注LS的成績XD
9,: 越來越期待回歸了
10,: 所以之前會煩躁是因為他穿著采源造型吧
11,: 超好笑
12,: 他這次回歸收穫滿滿欸XDDD
13,: 他到底為何可以有那麼多欠打的衣服啊
14,: 吐舌頭好到位
15,: 他好適合這種舞蹈XDDDD
16,: 跳得很好
17,: 這次話題度好高XD
18,: 真的很會XD 光芒直接把後面五個蓋掉
19,: 天啊我好想衝破螢幕去前面扁他喔
20,: 但我還是忍不住想看很多遍XD
21,: 他真的打算搜集滿IZONE碎片然後彈指對吧XDD
22,: D
23,: 超會跳 讓人默默地又開始火大XDD
24,: 現在已經有櫻花 采源 珉周 柔理跟員瑛了耶X
25,: DD
26,: 非常生氣但又好好看
27,: 真的是保養的很好，完全不輸年輕人
28,: Copy采源造型。笑死
29,: JYP可以投奔敵營了 XDD
30,: 光衣服就能讓人火大的男人
31,: 吐舌頭那裡真的是痞到很想揍他XDDD
32,: 可是又很想看更多他跳其他團的挑戰XDD
33,: 又想揍又想看哈哈哈哈
34,: 話說他今天這套不是鹹蛋超人嗎
35,: 我我已經分不清是因為衣服讓人火大還是
36,: 單純是因為人XXDDDD
37,: 這個游刃有餘是怎樣XDDDDD
38,: XD
39,: 話說他跟房時赫也有一段過去XD
40,: 服裝想到這個
41,: https://i.imgur.com/f9ujld2.jpg
42,: 韓評沒有火大很煩了嗎? Izone集五位了XD
43,: 采在最後偷跳when we disco XD
44,: 心裡住著女偶像的大叔
45,: 真的是…跳得很好XDD
46,: 跳得太好了 眼神無法從他身上移開
47,: 但又覺得煩煩的XD
48,: 跳得太好了...
49,: 真的是跳得好到令人煩躁！會ㄧ直注意他
50,: 我真的好想揍他喔XD
51,: 跳得超好跟想揍他沒有衝突XD
52,: 真的跳得很好不過有夠討厭的感覺哈
53,: 真的跳的太好了，哇
54,: 忍不住看好幾遍……XDD
55,: 我真的很佩服他,50歲了還可以在這又唱又
56,: 跳的! 真的很厲害~
57,: 台服看他的身材就知道他很克制才有辦法
58,: 維持…但還是很欠揍XD
59,: 真的是跳得很好但令人火大XD
60,: 希望他可以蒐集矮子丸
61,: 想看他跳after like絢爛的手部動作XDD
62,: 乾XD
63,: XDDDDDDDDDDDDDDDD
64,: 看第一次真的目光只放在他身上XD
65,: 看JYP跳舞真的是蠻療癒的
66,: https://i.imgur.com/PYXinZB.jpg
67,: 被JYP的^^和宣美笑死XDD
68,: 超魔性XD莫名吸引人目光是怎樣
69,: 跳太好了覺得煩XDDD 女團舞蹈博士
70,: 無法移開視線XD
71,: 跳得很好和令人火大是不衝突的XDD
72,: 跳得好但是不太舒服哈哈哈
73,: 會忍不住只看他笑死
74,: 哈哈哈
75,: 應該是衣服跟髮型的問題吧？感恩超長的
76,: 手臂好像也有點關係，每次都讓人覺得煩
77,: 躁，哈哈，但還是想點開看，太厲害了
78,: 看到第三次才發現旁邊是成員XD
79,: 真的視線都在他身上好煩XD
80,: 看了莫名的火大，但又想繼續看XDD
81,: 跳超好… 尤其那個吐舌頭超煩躁 XD
82,: 好煩!xDDDD
83,: 完全無法看其他人跳得怎樣 太吸睛了
84,: 請問宣美和JYP對話是什麼呢(不懂韓文QQ
85,: 宣美：明天會是誰呢？JYP:你明天做什麼呢
86,: ？宣美：不行 我很忙
87,: JYP問宣美明天有事嗎?^^ (要邀請feat
88,: 宣美回覆我很忙~ XD
89,: 被宣美笑死XDDDD
90,: 宣美差點就自己挖坑坑自己XDD
91,: 之前宣美只是去PD家吃晚餐 就已經一起
92,: 拍過challenge了XD
93,: 真的佩服 年過半百的JYP到處跟人家拍挑戰
94,: 超會跳，但看了真的令人火大XD
95,: JYP官方YT是不是跟主播拍挑戰? XD
96,: when we disco宣美好像也是莫名被抓去合作
97,: XD
98,: 乾脆也集合wonder girls吧
99,: 宣美對話的標點符號使用才是對話精髓XDD
100,: 幾個點透露出滿滿的不屑感哈哈
101,: 超火大但又跳的好好看XDDDDD
102,: 超火大哈哈哈哈看到那個貓咪手
103,: 好煩但又忍不住repeat
104,: 吐舌頭超級煩XDDD
105,: 好好笑wwwwww
106,: 有趣的是 人歌錄製時JYP粉絲太少
107,: SBS找了工作人員+櫻飯當粉絲在台下應援
108,: JYP下班的時候還是櫻飯送的
109,: JYP走的時候還笑容燦爛 看起來很開心
110,: 所以有些人不要把某些飯的行為當成全體
111,: 幫應援還幫送下班，櫻飯人真好~ >///<
112,: 雖然跳得很好~但也令人火大~XDDDD
113,: 集滿IZ*ONE吧~Nako跟Hitomi也在韓國..
114,: 很火大XDDD
115,: 怎麼這麼可愛XD
116,: 看了好煩 但是忍不住repeat XDD
117,: 跳太好了吧XD真的莫名火大(?
118,: 跳的太好了！但我也莫名有點火大
119,: 好火大喔怎麼跳這麼好XD
120,: 好好看重播好多遍可惡XD
121,: 跳太好了吧哈哈哈
122,: 好看哈哈
123,: 他的屌樣好像在說現在女團的舞都是他玩
124,: 剩的 so easy啦
125,: 元祖女團舞博士XDDDD
126,: 貓貓然竣跟貓貓Haerin，嗚嗚嗚都好
127,: 可愛好會跳
128,: 恩採跟Haerin好可愛 這兩團最愛的成員TT
129,: 可愛T^T
130,: Haerin頭髮飄逸好像動畫人物
131,: 貓貓們跳貓貓舞...可愛死了TT
132,: 貓貓跳貓貓舞 嗚嗚嗚嗚嗚嗚
133,: 貓貓真的好可愛
134,: 貓貓太可愛了
135,: 又是首念經歌 聽完很微妙 不知道之後會
136,: 不會改觀XD
137,: 歌還沒聽，但MV好看，出道曲(?)神作！
138,: ！
139,: 滿喜歡的！整個會期待舞台！！
140,: 這首配舞台應該很燃
141,: 喜歡這種中二mv，歌洗腦舞蹈可愛！喜歡
142,: 好期待舞台！
143,: 副歌完全不能接受...好唸經
144,: 念經歌微妙+1 還是比較喜歡出道曲
145,: 還不錯耶 以前的我肯定想不到櫻花會以這
146,: 種風格回歸
147,: 歌沒中 但MV不錯看
148,: 哈哈哈 超愛耶
149,: 有特別喜歡的造型跟拍攝也有特別不喜歡
150,: 的造型跟拍攝，服裝整體沒有很喜歡，期
151,: 待舞台呈現
152,: mv不錯
153,: …QQ 希望舞台可以拯救我對這首歌的
154,: 看法
155,: 真的很像念經有點詭異
156,: 南無喝囉怛那哆囉夜耶
157,: 覺得蝴蝶結那款造型超級不適合一葉
158,: 歌get不太到 也許還有副主打？
159,: 沒中，我覺得歌的吵雜感跟O.O有得比
160,: 一葉不要拉筋 念經 其他都好
161,: 真的是主打念經風，我已可以想像舞台難唱
162,: 一次就中，聽了停不下來
163,: ......無語 怎麼是rap
164,: 雖然歌我是沒中 但至少是能聽完的 總比那種
165,: 覺得很讚欸 推文怎麼跟我想的不一樣XDD
166,: 可是一葉不只拉筋一次還幾乎都唸經了
167,:  一葉要黑掉了
168,: 一葉繼續神正
169,: mv拍的很好看
170,: 念經一葉
171,: mv跟造型比出道好很多
172,: 拼接風拼到讓人煩躁好太多了 不過一葉是固定
173,: 一葉：拉筋 劈腿 念經
174,: 要讓她當抬腿擔當嗎..
175,: MV是好看的，我更期待舞台
176,: 真的是念經風
177,: 笑死真的一直在拉筋
178,: 真的，放過一葉吧
179,: 很洗腦欸
180,: 歌微妙但MV真的很好看
181,: 覺得很沒特色，就一般女團的念歌洗腦
182,: 拼接風，誰唱都差不多
183,: 雖然人家是跳芭蕾，也不用一直劈腿拉筋
184,: 吧
185,: 對不起我覺得好難聽www很愛這團可是這首
186,: 完全不想聽第二次
187,: 一葉 我的經筋女神！！可以來台代言津
188,: 津蘆筍汁
189,: 讓他轉圈圈都沒反覆拉筋煩躁 超無語
190,: MV拍的非常漂亮，現在滿腦安踢踢飛蕉
191,: 比kep1er的新歌好一點而已
192,: 雖然MV拍的很好看 可是歌get不到 怪怪
193,: 的XD
194,: 一葉一直拉筋有點大材小用XD 而且畫面沒
195,: 有很好看 跳芭蕾不是很美嗎
196,: 很有西語歌的感覺 像這首
197,: 看到上面留言說念經XDDD
198,: https://youtu.be/OG4gq9fCoRE
199,: 等音放看舞台表演
200,: 一葉明明也很會跳 一直給她拉筋抬腿QQ
201,: 這個五人團帶了三個法師
202,: 好無言的曲風
203,: 一葉的流行舞技能樹在出道紀錄片裡面
204,: 評價是完全不行……
205,: 推文滿有趣的XDDDDDDDD
206,: LESSERAFIM裡面領舞應該是忙採 舞蹈社
207,: 的 然後允真還可以 其他三個就都偶像
208,: 普通水準
209,: 官方說是拉丁風，好吧，聽三次後順耳多了
210,: 是歐美現在很流行的西語風，勇於嘗
211,: 試挺好的
212,: 一葉是有芭蕾舞頂尖的個人技 算是hybe
213,: 星探抓到的特殊大物 可以增加團體風格
214,: 感覺歐美那邊會滿喜歡的?!
215,: 之前預告出來時，就有人在說很像Rosalia
216,: 的風格XD
217,: Rosalia
218,: 為什麼是高考禁歌？
219,: 正中韓國人胃口
220,: 因為腦袋會一直浮現旋律無法專心
221,: 原來是這個意思，感謝XD
222,: 想問本來就預定這時間發布嗎？有點驚訝
223,: 對 本來就這時間先公布MV
224,: 韓國其實叫修能
225,: 看原po補的韓評感覺目前韓國反應不錯><
226,: 造型跟mv很讚 但歌我覺得不行qq
227,: rap部分覺得可以再更燃一點
228,: 可以讓一葉有芭蕾風的編舞 但是坐站著
229,: 把an ti ti ti ti fragile fragile刪掉這
230,: 首歌就變好聽了
231,: 拉筋真的可以不要了XDDD
232,: 但真的不要再讓一葉轉圈跟拉筋了QQ
233,: 二代團洗腦式的曲風+美式風格的復古感
234,: 不要RAP其他都好，受夠女團曲還要塞RAP了
235,: 覺得很順啊 三分鐘一下就過了 有的歌聽一
236,: 分就覺得怎麼還沒完
237,: MV好看，但歌不會想再聽，不過有可能大
238,: 眾會洗腦啦，很適合tiktok（？
239,: 覺得很喜歡耶～～～
240,: 愛慘
241,: 好像千萬別抬頭XD
242,: 蠻好聽的一次就中，很有時髦感，感
243,: 覺編舞很厲害，期待舞台了
244,: 歌跟mv都很喜歡！但同感真的不用一
245,: 直讓一葉拉筋展現芭蕾形象
246,: 非常的Rosalia風格 這首舞台絕對很炸
247,: 聽了推文的西語歌 真的耶 原來這是西
248,: 語風
249,: 很讚 喜歡
250,: 一葉一直在拉筋+1 有點over
251,: 念經歌無誤
252,: 不要一直拉筋+1  可以做其他動作啊...
253,: 韓國人喜歡太好了 期待明天音源～
254,: Hybe真的比較會選歌
255,: 稍微有點可惜，但作為主打的氣勢是有出
256,: MV一直被炸很有趣 跟出道曲很不同但又
257,: 確立團體定位
258,: 來，只能更期待表演了
259,: 今天歐美西語風超流行 在kpop聽到很
260,: 驚喜 蠻喜歡的！
261,: 我覺得她們有找到適合的路線啊 還不錯
262,: 對，今年西語的幾個歌手都大爆，感覺是
263,: 想瞄準歐美市場
264,: 但同覺得不要再拉筋+1 看到笑出來XD
265,: 喜歡MV咬地球的地方
266,: 當初她們的出道曲不也是被唱衰 結果人家
267,: 在日榜前10待快一個月 現在在日榜30徘
268,: 徊 年榜快進前40 越唱衰越逆風高飛
269,: 串流還沒上
270,: 很喜歡耶
271,: 00:46 這句鼻音rap有點雷XD其他還能接
272,: 受，歌還蠻抓耳的，但有點太重複
273,: 很神奇的歌 忍不住一直去聽
274,: 覺得歌曲和MV都超棒！
275,: 把時尚 拉丁 運動風跟拉筋 kpop 結合
276,: 完全就是西方的菜 加上intro是80年代電子
277,: 音樂 時髦到不行內
278,: 越聽越上頭XD
279,:  安可舞台會放送事故 但應該不會發生w
280,: 不可思議的難聽......
281,: 跟出道曲比起來更喜歡這首耶！ MV也拍的好
282,: 很不錯
283,: 超可以
284,: 那顆隕石的靈感是碎星拉塔恩嗎
285,: 平常不愛洗腦歌但這首風格很特別，順順聽
286,: 完了
287,: 推
288,: 除了有些rap唸得很尷尬以外，這首歌意
289,: 外順耳耶？忍不住想多聽幾次
290,: 滿喜歡的耶
291,: 真的不好聽，一葉拉筋擔當好好笑
292,: MV喜歡，每個妝髮造形都不錯
293,: 超好聽的！期待舞台
294,: 上面一直拉筋念經的XDDD
295,: 符合韓國喜歡洗腦的取向吧？
296,: 推
297,: 好聽～～MV也喜歡！更期待舞台了
298,: 今年西語歌手真的大爆，這種曲風亞
299,: 洲不確定是否會中但感覺是直接瞄準
300,: 歐美市場
301,: 好鬧，好好聽
302,: 不過這個發歌時間倒是滿特別的 以前比較常
303,: 見
304,: 第一次聽覺得微妙，之後直接被洗腦
305,: 整個外型跟曲風好違和
306,: 比出道曲好
307,: 期待舞台！
308,: 聽的超爽 而且感覺舞台會很好看
309,: 這首副歌超可!覺得比fearless好很多，很洗
310,: 還可以 一位還是穩穩的
311,: 腦編舞超可愛而且MV每個成員都超美
312,: 意外不錯耶 很洗腦
313,: 中間念經rap有點可惜，一葉整首都在拉筋QQ
314,: 覺得除了拉筋也能讓她做其它的事情啊
315,: 譬如在芭蕾練習室跳舞到半夜啥的
316,: 一直拉筋真的有點怪
317,: 不過本來以為會跟寶石的概念有關 看起
318,: 來好像其實沒有？
319,: Hybe概念和音樂真的強，其他部門也跟上就
320,: 好了...XD
321,: 那句很洗腦，不過跟平常聽到的差異蠻
322,: 大的
323,: 有點微妙感XD
324,: Antititititititi fragile fragile anti
325,: tititi
326,: 這種歌就能接受的能接受，不能接受的
327,: 肯定難聽
328,: 不是安全牌類型的？不過上面說是歐美
329,: 流行的嗎
330,: mv出現的低畫質的地方覺得很可愛
331,: 超微妙... 只好期待專輯其他歌曲了
332,: QQ
333,: 就西語流行的Reggaeton曲風 https://yout
334,: u.be/p7bfOZek9t4
335,: 不喜歡的地方只有Lovey dovey 好突兀
336,: 雖然這首歌快4分鐘 但不會覺得很膩
337,: 好聽～～
338,: 撇除掉rap的部分，這首歌整體比出道曲好
339,: 拉筋那邊是對應歌詞吧？
340,: 喜歡副歌每個人都有機會站到C位的分配
341,: 推推～
342,: 超好聽 第一次就中了
343,: 好聽 跟Fearless一樣讚
344,: 櫻花髮釵的造型真不錯可惜只出現一瞬間
345,: 蠻喜歡這種曲風耶 就很像有些西語歌
346,: 喜歡雷鬼凍覺得超香好好聽
347,: 櫻花的part好像很少 五個人我都喜歡但還是
348,: 希望不要明顯誰少很多QQ
349,: 比較喜歡Fearless
350,: 櫻花part沒有少...是她唱的PART的時候都是
351,: 團體鏡頭或是別的成員鏡頭
352,: 所以MV覺得櫻花鏡頭有點少...
353,: 只能靠舞台了...
354,: 希望之後鏡頭可以多一點了...
355,: Reggaeton風格歐美一直都很愛,韓國人愛
356,: 的話那音源應該預期不錯
357,: 聽歌聲櫻花沒有少呀，最後一大堆都他耶
358,: 最少的應該還是忙內，但感覺不會差太多
359,: 搭抖音有戲喔......
360,: 歌不錯 但感覺只有允真比較適合
361,: 等spotify 上架
362,: 聽一次就喜歡，期待舞台
363,: 洗腦風+奇怪的腔調 我自己完全不行
364,: 但MV不錯 不愧是大公司肯花錢
365,: 好喜歡
366,: 聽第一次 歌沒有中但是編舞感覺很厲害，好
367,: 期待舞台！
368,: ...等等歌雖然沒中可是才聽一遍就忘不掉...
369,: 一聽就中，可惜感覺rap沒有撐起來，唱的
370,: 部分氣勢很好，更顯得那幾段rap 特別乾
371,: 越聽越愛 看了一下twitter 這次Raggaeto
372,: n風格歐美好像很中 太好了
373,: 這團風格越看越讚 但這首對我來說有點
374,: 過度洗腦XD 出道曲比較剛好 不過舞台
375,: 出來感覺會真香
376,: 這首真的很恐怖 睡前聽個幾次而已一起床
377,: 腦內都是anti ti ti ti ti
378,: 喜歡這風格 歐美感!!
379,: 這風格 打進國外市場 也不錯
380,: 出道曲反而很普通 就很一般
381,: 而且編舞看起來舞台一定很好看
382,: 耳機真香 真的一覺醒來就被洗腦XDDDDDD
383,: 醒來腦海第一句浮現的就是anti ti ti
384,:  ti ti好恐怖
385,: 通勤用耳機聽發現新世界
386,: 這首歌真的要用耳機聽啊
387,: MV好看欸(除了拉筋XD)，耳機搭配MV看這
388,: 歌就比較入耳一點，其實算念經歌裡好聽
389,: 的欸，好期待舞台，大家都好漂亮我已經
390,: 在路人轉粉邊緣了XD
391,: 真正的唸經歌是RV那首吧
392,: 這首我覺得不算 XD
393,: 耳機聽覺得很棒！！！
394,: 超喜歡
395,: 超喜歡MV!!!
396,: 聽一次就有中耶
397,: LS的曲風有發展出自己的樣子
398,: 不喜歡 沒驚艷到
399,: 他們歌都好吵
400,: 我很愛安踢踢飛蕉飛蕉那段欸XDDD
401,: 唸經歌滿貼切  不過滿洗腦
402,: 這團的概念: 不怕你不喜歡我 反正歌都會
403,: 住進你腦子
404,: MV拍得好，覺得五人組表現力又提升了，一
405,: 葉和忙內表情有幾幕有驚艷到
406,: 忙內這次真的好亮眼
407,: 超級超級好聽 好喜歡
408,: 好洗腦XD
409,: 很洗腦一遍就記得，但真的好像念經xd
410,: 覺得很好聽舞也很好看呀
411,: 雖然鏡頭很碎，但是那個舞蹈那個編排看
412,: 過都覺得會爆XD
413,: 雖然覺得還不錯聽 不過這首後續評價大
414,: 概取決於melon成績……
415,: 一葉後面副歌 超喜歡 我愛中村一樣 加
416,: 油
417,: 很明顯要攻歐美市場 這首真的幾乎就是
418,: 西語歌
419,: 每個人都有唱到副歌很讚
420,: 這首也太洗腦了吧
421,: 推五人～
422,: 歌不行…
423,: 一葉拉筋的舞跟畫面是配合歌詞 不是無
424,: 緣無故拉覺得還行
425,: 應該說hybe今年這兩團NewJeans還是走青
426,: 春活力POP SONG LESSERAFIM則是定位時
427,: 尚DANCE舞曲比較多
428,: 並沒有這首才想攻歐美市場 迷一的FEARL
429,: ESS跟美人魚就不太是流行曲風
430,: LESSERAFIM音樂性定位本來就不同
431,: 今天有兩個熱門女團出新歌  到底誰音源
432,: 強呢  期待
433,: 不過疑慮是這種風格在音源上可能在韓
434,: 國自己國內難打大勢IVE IVE的三連拳全
435,: 部都抓住韓國人的喜好
436,: 不差，洗腦，但是有點吵～熱度應該是
437,: 不錯，上一首相較下比較耐聽
438,: 看得出Hybe和Source的野心，難怪當初會
439,: 那麼殘忍放生GFRIEND
440,: 我蠻愛聽西語歌但用韓文唱西語歌的
441,: 感覺不太搭
442,: 就像中文詞翻唱英語歌也不搭是一樣意思
443,: rap唱法不喜歡，但整體還可以啦
444,: 同覺得最讚的部分是每個人都有副歌
445,: 而且分配結果相對很平均 雖然采源唱最多
446,: 但同是主唱的允真有兩次副歌 美中不足的
447,: 是前半部采源唱到20幾秒的時候櫻花整個
448,: 神隱還只有4秒..
449,: 畫面很美 歌保留
450,: 昨晚沒用耳機聽覺得微妙，戴上耳機聽
451,: 感差蠻多的
452,:  12小時播放400萬左右 歐美翻車了吧..
453,: 樓上真的很努力XD
454,: abc真的不知道跟LS有什麼仇 每篇必嘴
455,: 還是喜歡出道曲…
456,: 好難聽 今年最難聽女團歌了吧
457,: 好上癮的歌
458,: 不喜歡
459,: 我昨天才聽三次就被洗腦…怎麼上班XD
460,: 現在女團流行唸歌嗎
461,: 請問大家一直西語是指西班牙語還是
462,: ？
463,: 忙內一開頭有Q到～好可愛的妹妹～～
464,: abc就dickman阿XD不知道啥時轉黑了XD
465,: 很好聽，起飛。
466,: 這首超洗腦！目前女團最喜歡的歌
467,: 歌很奇妙 不過意外耐聽, MV拍的好帥
468,: 喜歡
469,: 西班牙語呀
470,: 看採訪說是這首主打和出道曲在出道前就訂
471,: 好了，這樣看來第三次回歸也是洗腦曲囉XD
472,: 對喔，西班牙語
473,: 整首歌好滿～～～
474,: 這就Reggaeton曲風,歐美蠻流行的
475,: 我比較重旋律 這首比較get不到
476,: 覺得很好聽欸 期待舞台
477,: 循環一早上，比較喜歡拿掉Antititi的主歌
478,: 跳到一半突然抬腳有點好笑XD MV我還滿喜
479,: 歡耶大家都好美~
480,: 一葉的芭蕾動作剛好有配合歌詞 我覺得還
481,: 可以呀
482,: 西語reference可以去聽Rosalia的sao
483,: ko
484,: 歌詞那句就是在描述kazuha出道的心路歷
485,: 程,都提到舞鞋搭配動作畫面到底有問題在
486,: 哪？
487,: 不是西班牙語難道是西螺語嗎XDD
488,: 滿特別的，不過不喜歡
489,: 真的好洗腦，昨天聽完一直有旋律repeat
490,: 可能真的可能成為大考禁曲系列  XD
491,: 我覺得很好聽耶，很特別的曲風
492,: 歌還不錯，MV裡被忙內吸引～太耀眼了
493,: ！
494,: 來個許願舞台一葉小婷一起拉筋劈腿
495,: MV觀看數是不是不太行啊
496,: 可能沒有買廣告?
497,: 有沒有買跟宣傳度還是有影響啦，而且是新
498,: 團
499,: 看會不會有什麼舞蹈挑戰效應之類的
500,: 好可惜rap唱不好 給會唱rap的團會全曲昇華
501,: 這次走秀好看多了（大誤
502,: 回錯文了 囧
503,: 好想知道金佳藍現在在想什麼
504,: 串流不是都同步上架怎麼一天了還沒上
505,: 上架了
506,: 回p大 音源都出了哦～
507,: 推完後再刷一次就上架了
508,: 采源飆完高音以為要來段高音bridge了
509,: 結果還是接回那段低音chorus
510,: mv蠻吸引人會想看完 但對比我喜歡前一
511,: 首 剛剛刷完舞台暫時沒有對這首改觀
512,: m大可以聽其他首哦～舞台也都出來了
513,: 如果對這團有興趣但覺得主打沒中的話，可
514,: 以給No Celestial一個機會
515,: https://youtu.be/pZyeb5zFQRk
516,: 樓上這首超讚!!!好喜歡
517,: 好美國青春校園的感覺
518,: 笑死 最後躺沙發 采、允直接撞頭
519,: 有其他三首舞台了 個人覺得比主打好聽
520,: antifragile循環播放竟然可以無縫接軌
521,: 非主打都好好聽!!!!
522,: 整張專輯除了主打 都很好聽
523,: 非主打好讚
524,: 罰酒～罰酒
525,: 說不上是那種一聽就覺得很好聽的歌 但也不
526,: 會難聽 覺得是他們的聲線撐不起來 如果是
527,: 那種完全的歐美嗓來唱就完全會是另一風味
528,: 覺得出道曲好聽多了+1
529,: 覺得好聽欸～比出道曲更喜歡
530,: z大...我聽完了 怎麼那麼像 手部動作
531,: 也很像
532,: 每首歌都像是念經 跟出道曲一樣
533,: 說念經的一定沒有仔細聽（攤手）
534,: 主打很時髦 非主打也都順耳好聽
535,: 還不錯啦MV用仿自拍紀錄片穿插真是神來
536,: 一筆
537,: 不喜歡  比較喜歡出道曲 ..
538,: 難聽 live 更是慘不忍睹…
539,: 歌一言難盡，但MV很好看，成員都拍的很漂
540,: 亮
541,: 覺得歌跟舞台都超棒 推推
542,: 聽完腦袋裡：Antitititi fragile fragil
543,: e
544,: 啊啊啊感覺會大紅
545,: 沒想到副歌是這個風格 超洗腦
546,: https://youtu.be/8skl6AxMyec
547,: Teaser2 大家都好迷人
548,: 看完樓上的teaser2真的期待值爆表 大家
549,: 都好美好帥好可愛啊！
550,: 沒有嘎蘭真是太好了
551,: 預告表情超可愛的wwwww
552,: teaser2采源最後一句很讚欸
553,: 她們的概念在我標準是四代女團最吸引人
554,: 做的也很用心，真的感覺到女生on top、
555,: 做自己的魅力，而且成員都又帥又美
556,: 舞好可愛
557,: 吐舌那段做challenge應該很可愛
558,: 外流一小段了 希望不會有影響...
559,: 又外流了?
560,: 恭喜再次出道
561,: 最後一句皮卡丘
562,: 剛剛以為是相關影片 結果直接被劇透
563,: 外流我覺得還好耶，就當小炒作
564,: 外流一分鐘感覺不是一小段而已了XD
565,: 外流一分鐘欸 超多  現在歌不都3分鐘
566,: 結束
567,: 表情都太讚了！好期待舞台和直拍
568,: 靠 外洩又如何現在看完更期待！！！！
569,: 已被洗腦完蛋惹XDDDDDD
570,: 預感這次會大爆！！！
571,: 推特壽司已被罵翻了XD
572,: 感覺很讚 期待全曲
573,: 想看舞台！
574,: Key應該已經把舞給記住了 完全在後
575,: 面跟著跳
576,: 貓貓洗耳朵那部分太可愛了！
577,: 皮卡chu ~~
578,: mv跟歌都被外流了
579,: 比較喜歡fearless的曲風
580,: 好期待
581,: mv副歌看完比較喜歡fearless
582,: 但這次造型好看很多
583,: 外流完就不新鮮不好聽了嗎XD 而且差一
584,: 兩天而已
585,: Teaser允真整個美國青春少女感 好美～
586,: 聽起來蠻洗腦的
587,: 小貓動作
588,: 而且舞好可愛～
589,: 感覺很不錯！
590,: 舞好可愛 我愛允真 五人LS真的太讚
591,: 感覺貓咪舞會狂被challenge XD
592,: 看完teaser2更期待了感覺會喜歡～～
593,: 好可愛好洗腦，期待全曲
594,: 暴雷沒關係，超好聽
595,: 有上Gym鐘國 可去看
596,: 推推 期待
597,: 超洗腦 帥氣又可愛
598,: 好聽耶！好期待！
599,: 采有夠可愛
600,: 感覺會是抖音下一個熱門舞蹈的感覺
601,: 小表情很可愛！
602,: 好好聽 好期待 fim寶大發！
603,: 最後一句有皮卡丘XD
604,: 很洗腦XDDD太期待了
605,: 采源真的好亮眼，又辣又可愛
606,: Teaser2好好看 允真 真的很漂亮
607,: 看完外流反而更期待完整版XDD
608,: 編舞跟音樂都很喜歡~
609,: 預告二超美
610,: 滿洗腦的
611,: 外流的部分雖然切鏡頭很快，但是還是好
612,: 期待！！！teaser 妹寶看到隕石墜落特別
613,: 有貓咪的感覺！
614,: 我也覺得看完外流會更期待完整版XD
615,: 沒有佳覽的世界真是太美好了
616,: 安踢踢踢踢罰酒罰酒 安踢踢踢踢罰酒 洗
617,: 腦
618,: 好罪惡 但是聽完外流對歌曲大加分欸….
619,: 有被允吐舌小煞到
620,: 櫻花的鼻子真的回不去了
621,: 允真吐舌可愛  五人團完美
622,: 貓貓舞也太萌...
623,: 竟然是可愛雷鬼風！
624,: 編舞意外地可愛？看Trailer時還以為是酷
625,: 酷的風格
626,: 看完外流反而從好期待變超期待了（？）
627,: 這種編舞感覺會紅
628,: 聽感上感覺fearless更順耳俐落一點
629,:  但這次感覺真的很洗腦
630,: 說編舞像雙頭蛇感覺很有意思
631,: 好喜歡這風格!!
632,: 太期待了 感覺會很中毒 希望能有好成績
633,: 編舞可愛 音樂很酷 好讚
634,: 好可愛的舞
635,: 貓拳好可愛
636,: 後來想她們這麼認真管理，因為這舞得健
637,: 康線條跳才好看啊
638,: 期待明天
639,: 聽完更期待+1
640,: 太期待完整版了！好洗腦
641,: 反而這對段不喜歡，一直唸經ORZ
642,: MV出來了，整首都在唸經，我不愛...
643,: 公司一直丟念經歌給他們
644,: 這張如果再做不起來就危險了
645,: 哇 期待新歌 LS真的氛圍超好
646,: 非常期待
647,: 推推～
648,: 超級期待！
649,: 期待！
650,: IVE粉但也喜歡LS！很棒的團已預購支持
651,: 哇我還沒訂耶，居然60萬了！！
652,: LS加油  最喜歡的新團現在
653,:  以現在的大盤來說 算是不如預期
654,: 粗卡嘿~
655,:  剛看推特 MV還被外洩...
656,: 60萬比很多男團還多欸
657,: 60萬很多欸!!
658,: 真心疑惑，銷量應該要多少才符合預
659,: 期呢？IVE以LO
660,: VE DIVE回歸初動大約33萬，LS第一
661,: 次回歸預售已破
662,: 60萬，應該算很可以了吧….？
663,: (雖然預售數量不等於初動就是了)
664,: 哈哈哈哈 大家對她們期待是有多高
665,: 可能在某些人心中沒有一百萬就是不行吧
666,: 60萬粗卡！ 期待回歸！
667,: 而且這還是經歷過第一張一些風雨
668,: 不用跟那個人計較啦xd 黑單就好
669,: 舞台都好棒，LS超讚
670,: 在這版被775跟abc釣到的話要多練練
671,: 已預購五張支持Fim寶
672,: https://youtu.be/iXZEX5Lhsp8
673,: 節目預告有透漏一些主打，想聽的可以去聽
674,: 聽看，舞蹈動作挺可愛洗腦的XD
675,: 五人組合真的讚讚
676,: 好扯的銷量
677,: 還蠻洗腦的耶，這段是副歌嗎
678,: 編舞意外地有趣
679,: 推FIM寶！
680,: 看完Love shot舞台好感度破表，而且cove
681,: r舞台開麥好感人
682,: 推 成員回歸前也很努力把握機會 舞台很
683,: 棒
684,: 真的會愛上的團..已經心動想買專
685,: 我只買忙內的
686,: 已預購支持，每次都超越自己就很棒了！
687,: 一連串吸粉亮相，覺得下次一定更猛 ！
688,:  恭喜熾天使們
689,: 有上Gym鐘國 可去看
690,: 櫻花日本不是很賣嗎?
691,: gym鐘國裏的妹寶超有梗，完全不怕生
692,: 被某幾個推文影響心情 請問是黑單常客嗎？
693,: 可能要百萬才如預期?XDD
694,: 哇 大發！
695,: 我也預購了！！！支持支持
696,: 女團銷量都大漲 XD
697,: 現在真的銷量時代了XD聽歌感覺這次會大爆
698,: 副歌超洗腦+喵喵拳可愛舞蹈應該會流行?
699,: 已下單
700,: 回某樓上 775 跟 abc 就是會常常釣魚。
701,: 為什麼預售60萬算做不起來？QQ
702,: 好可愛的編舞哦，有記憶點不會給人瞎忙感
703,: 60萬明明就很多，希望這次回歸可以開啟新
704,: 的開始
705,: 期待期待
706,: 後面也太歡樂可愛了
707,: 好可愛XD
708,: 後面才是正片，超好笑
709,: 全團都好可愛XD 0:40超級可愛！
710,: 交換part好讚
711,: 後面超好笑XDDD
712,: https://i.imgur.com/jloKXrY.jpg
713,: 這part超好笑 忙採已盡力XDDDD
714,: 忙內好可愛喔受不了 允真真的好嗨XDD 真的全團美女
715,: 欸
716,: 全團可愛 推
717,: 後面的交換part更好看
718,: 整團都好歡樂 可愛
719,: 後面花絮真的超好笑XDD
720,: 忙內可愛到爆 xDD
721,: 好歡樂XD
722,: 後面太可愛了XD，前面走位好順暢！
723,: 可愛～～～
724,: 好可愛XDDD
725,: 花絮好精彩哈哈 妹寶好可愛
726,: 推推
727,: 推推
728,: 真的是一天一film 好厲害
729,: 推 很圈粉的團體 綜藝舞台都認真
730,: 推推
731,: 好期待下週打歌！！許願能早點有專板><
732,: 推 一天一安踢
733,: 自從紀錄片之後就越來越喜歡他們
734,: 真的好好看
735,: 拍的很用心 成員也很努力 讚
736,: 有穿護具保護成員膝蓋XD 服裝穿搭的也不錯
737,: 推推
738,: 好喜歡一葉跟忙內的穿搭
739,: 背景是不是有人在講話啊XDD 感覺一直聽到其他聲音
740,: 一葉太好看了 完全我的菜
741,: 為什麼是fix ver.呀0.0
742,: 好整齊的舞蹈
743,: 固定版本 應該有舞台cam版吧～
744,: 五個人都好有自信好有魅力，不知不覺多看五遍XD
745,: 推推
746,: 感覺有甩髮特訓，怎麼可以每個人都甩這麼好看
747,: 好有力超好看
748,: fix ver. 鏡頭固定 相對於 moving ver. 鏡頭移動版本
749,: 好喜歡看一葉跳舞
750,: 好想趕快看打歌舞台QQ
751,: 推推！希望采源允真早日康復！！
752,: 同樓上y大QQ
753,: 推！
754,: 本來很期待週四的音放，hybe不是第一次了，對孩子用心點好
755,: 嗎？希望至此後一帆風順
756,: 好心疼
757,: 嗚嗚嗚只能狂刷MV和音源了
758,: 推 好好看
759,: 推允真的小蝴蝶結和一葉的米奇手套
760,: 這版也好看完蛋，每天都要看一遍舞台太中毒了XDDDD
761,: 吐舌頭蠻可愛的
762,: 忙內C位的時候表情管理很不錯耶！
763,: 忙內笑起來有種腹黑的感覺XD
764,: 一葉的手套也太可愛了吧
765,: 好看！
766,: 這首歌好好聽= = 已中毒 每天重播
767,: 真的超好看的
768,: 那個表情魅力真的是
769,: 這首真的好中毒 目前每天要聽很多次
770,: 推
771,: 這版也超好看
772,: 甩髮甩得好好看喔
773,: 每段都好洗腦，甩髮的動作配歌詞真的很率性很有魅力！
774,: 真的又美又帥又可愛又自信 瘋掉
775,: 好迷人
776,: 會越聽越上上癮xD
777,: 推個
778,: 一直覺得這團的舞蹈編得好好 剛柔並濟
779,: 她們的舞真的蠻好看的 有記憶點
780,: 到底是誰教她們眼睛要一直看斜上方的…難不成這也是編舞
781,: 的一部分嗎
782,: 編舞好看到瘋
783,: 推
784,: 往斜上方看 我覺得蠻不錯的啊
785,: 好好看…
786,: 好看
787,: 看旁邊真的是編舞的一部分唷！ 出道紀錄片裡面她們還有被
788,: 編舞老師唸說某部分不是應該要看旁邊嗎怎麼沒有看~
789,: 看旁邊是允真的習慣吧！ 我覺得這眼神太多了 …常常看
790,: 到
791,: 斜看不止允真喔，團員特定動作都會有，應該是編舞指導要求
792,: 的表情管理
793,: 允真很常那樣，，真的不太好看XD
794,: 忙內好亮眼
795,: 就順著手的動作跟著看過去啊 有那麼難懂嗎
796,: 看旁邊應該是編舞+1 很多人這樣啊
797,: 我也覺得是編舞，吐舌頭應該也是設計的一部分
798,: NJ的忙內也很多往旁邊看的動作
799,: No Celestial超神！
800,: 推 舞台好看 一葉好美！
801,: 整張都好聽...
802,: 推爆no celestial欸 舞台超好看…
803,: No Celestial舞台好棒！！！
804,: 回歸秀還是得相信Mnet 企劃能力超強！
805,: good parts簡直是小MV
806,: 開始搓手手期待直拍
807,: 推impurities 本來聽音源覺得還好但舞台很加分
808,: 四首四風格好讚 特別喜歡主打跟no celestial
809,: 彩源真的做得太好了 簡直教科書 一葉好好看舞超有
810,: 表現力
811,: 舞台超讚！
812,: 專輯完整性很高啊 每首品質又都好 風格很優
813,: 櫻花好美，也能扛舞擔了
814,: 喜歡他們自信自在又投入的舞台 每個人都很亮
815,: 采源跟允真在這首歌好突出 其他人聲音已經很平還配那種
816,: 唱法真的可惜了這編曲
817,: 哇!好漂亮 舞台很棒~
818,: 推
819,: Good parts好可愛…..
820,: 沒想到其他三首比主打好聽
821,: 太喜歡采源 no celestial舞台超好看
822,: telnet大其實上一張也是這樣XD 但主打都意外的有魔性
823,: good parts真的讚
824,: 其實歌不好聽 但她們實在太有魅力了
825,: 每個都好漂亮有自信 舞也很有力道
826,: 櫻花好美
827,: No Celestial 配上舞台根本值得直接先當下次回歸的
828,: 主打吧！超好看誒
829,: 每個舞台都超好看…
830,: 好喜歡no celestial  舞台也好棒
831,: 四首全跳 全編舞 推推我們誠意滿滿的FIM寶
832,: 推
833,: No Celestial我聽到起雞皮疙瘩  舞台好棒
834,: No Celestial超讚耶 為啥不選這首當主打XD
835,: 誠意滿滿，大手筆
836,: impurities舞台也太棒了吧
837,: 舞台太好看了吧...
838,: 妹寶好可愛!! 這次回歸質感超好的 妝髮服都好看超級多
839,: No Celestial不當雙主打太可惜 超超超讚的
840,: 每個舞台都好看
841,: 每個舞台都好看!!
842,: Impurities的ending 一葉也太氣質美 可以看一整天都不膩
843,: 金釆源的聲音超適合這些曲風啊啊啊 金釆源進步好多，聽
844,: 到采源part耳朵突然被打開的感覺
845,: No Celestial已經是主打歌等級了
846,: 每首舞台都超好看
847,: 推收錄曲也有舞台！
848,: No celestial  真的很讚欸！
849,: 開麥讚讚，而且每個人都好穩，貓貓舞有夠可愛
850,: No celestial  超讚啊  怎麼不當主打 看完live超燃！
851,: ！！
852,: No celestial真的讚 但當主打的話絕對會吵分part XD
853,: 哪首主打都會吵 好像沒差XD
854,: 一葉的part也太多 多分點給櫻花完全可以吧
855,: 意外的，Impurities舞台好喜歡
856,: 舞台都好好看～主打舞很燃啊 可以理解選這首主打 但覺
857,: 得應該沒唱是預錄
858,: 可以理解這首主打 蠻喜歡的 雖然收錄曲也都很好聽
859,: 主打很明顯是預錄 仿真預錄
860,: 這次妝造都在水準之上，給團隊好評！
861,: 我好喜歡lovey dovey
862,: LS舞真的很齊
863,: impurities很好聽唉
864,: 把聽主打mv的先暫停，一直聽這首XD
865,: 可惜不用No celestial當主打…比主打好聽N倍。覺得全專最好
866,: 聽的是good parts可是也不會用這種曲風當主打XD"
867,: 太強了吧
868,:  No Celestial也太棒了吧!!怎麼不是主打
869,: 綜藝真的笑死人了
870,: No Celestial 像青春校園電影歌會有的風格XD
871,: 推推~No Celestial無敵可愛!!!!!
872,: 看Impurities從頭雞皮疙瘩到尾 櫻花好強
873,: 怎麼可以練成現在這個樣子
874,: No Celestial當主打很突兀吧 ...
875,: 一葉真的好美 一直看腹肌
876,: 她們舞台真的都好好看 很棒
877,: 好喜歡impuritie… 歌本身就喜歡 舞台更是讚到......
878,: 預感大爆
879,: 不得不說，看完舞台會覺得每首都很讚
880,: 每個舞台都好用心…感覺每天都是練習室人生QQ
881,: 一直看腹肌+1   一葉可以稱神了
882,: 能不能換No Celestial 當主打啊…妥妥的神曲欸
883,: 好好看！！
884,: no celestial不當主打好可惜
885,: 而且風格也很突出 真是可惜了
886,: 每首都不同曲風  舞台很棒
887,: Impurities舞台好驚豔
888,: 舞台很好看
889,: No Celestial 有種師兄TXT也可以唱的感覺
890,: Good Parts的順毛一葉好軟萌…已死QQ
891,: 舞台都好讚，瘋掉，舞蹈很齊欸
892,: No Celestial雖然很讚 但還是覺得Antifragile比較適合當
893,: 主打
894,: Impurities的舞真的好好看
895,: 都在發光qq
896,: Impurities配舞台很好看 本來聽音源沒有特別喜歡 看完舞
897,: 台超愛這首
898,: Antifragile比較適合當主打+1
899,: 這個完全看出出來Hybe企劃的自傲
900,: 認為no celestial 大眾喜歡但只夠當b side
901,: 只有antifragile 才夠格當LS的主打
902,: No Celestial結果碰撞事故XD
903,: *結尾
904,: antifragile放主打應該還是概念一致性的考量吧
905,: 一葉多高啊？身材很好欸！
906,: Good Parts MV都拍了 應該拿來當主打的
907,: 主打他們的聲音撐不起來 總覺得味道不對 但舞台很好看
908,: Down to earth！
909,: No celestial 也是很好聽
910,: Impurities聽音源的時候還好，看了舞台瞬間變成最愛
911,: 的一首
912,: 推推
913,: 突然覺得主打的魔性來了
914,: Impurities舞台好看可是應該要封印到忙內成年!!!
915,: Antifragile 主打+1
916,: No celestial的curse word,YT和Spotify唱的不一樣XD
917,: 全部舞台都好棒喔QQQQ
918,: 回樓上 一葉170唷~
919,: 身材比例超好
920,: 一葉的臉好清新 身材好優越啊！！
921,: 這四個舞台都沒開麥啊！專輯最喜歡good parts
922,: 整個comeback show看完好感動 LS以後走花路吧QQ
923,: 感覺上這團今天才算正式出道，恭喜啦～
924,: 一葉一百七十公分？好高，身材真的好到羨慕。
925,: 一葉比例、體態都超級美
926,: 推推
927,: 幫推爆///
928,: 恩採cosplay高嘉瑜？
929,: 好喜歡good parts！！！一葉好正～～～
930,: 推薦大家看主打的直拍 超整齊
931,: 看完直拍再推 超整齊 換隊形很俐落有力
932,: 一次打四首歌？，果然大公司就是爽
933,: https://i.imgur.com/PoHM04t.gifv
934,: https://i.imgur.com/PoHM04t.gif
935,: 貼錯重貼，好喜歡這個運鏡，特別是櫻花的表情管理
936,: 這回comebackshow的造型都不錯！
937,: 直拍好整齊
938,: No Celestial舞台超級喜歡
939,: Antifragile 主打好+1 比較符合團體概念
940,: 推推推推！太喜歡了！
941,: Antifragile很有團體風格，一種時尚感（？
942,: 第一次看這團表演，好喜歡……
943,: 覺得還是Antifragile當主打的比較好+1 風格比較明確
944,: 但impurities舞台太讚了吧！！！
945,: 主打的舞看起來真的累死...
946,: Impurities舞台超棒 再次感嘆櫻花無所不能
947,: Good part曲好聽 但感覺編曲可以更大膽鮮明一點 尤其beat
948,: 太乖了XD
949,: impurities好棒 每個舞台都看得出來下功夫 她們很認真
950,: 覺得每一首都很棒+1
951,: 真的很有魅力 衝啊！
952,: 舞台真的每一首都好看，收錄曲水準都很好，音樂舞台
953,: 都好看
954,: 一葉在收錄曲都很好聽
955,: 不知道為什麼看到櫻花跳舞覺得好感動QQ
956,: Impurties 的舞好難喔 不容易跳耶 怎麼漸漸有點勁舞團的f
957,: u出現
958,: 聽音源沒有很喜歡Impurities，但搭配舞台覺得好讚！
959,: 推
960,: No celestial 也很適合主打欸
961,: 其他三首都很有音樂性耶！ 主打真的太念經了
962,: 看完最喜歡Impurities
963,:  No Celestial舞台好神
964,: 舞台觀賞度真的很高，大家都下苦工
965,: 但希望以後少編傷膝蓋的舞，會心疼
966,: 一葉impurities美爆 采源歌唱舞蹈都消化得很好
967,: 四首歌每首都好喜歡
968,: 看完也是變成最喜歡Impurities，很妙
969,: Good parts和No Celestial很好聽！采源的聲音好合good pa
970,: rts這首
971,: No celestial 好神……
972,: 主打很適合啊
973,: 希望其他三首也能上音放舞台打歌~
974,: 采源音色很有辨識度 讚！
975,: 頭香推推
976,: 先推
977,: 推推！
978,: 這次歌好讚!!! 超洗腦XD
979,: 好聽啊！！！！
980,: 滿不錯的耶  洗腦的地方好多!
981,: 先推
982,: 推推
983,: 好聽推！！mv也很有質感
984,: 完蛋全曲聽完說不上來
985,: 好聽
986,: 這首感覺是海外的菜
987,: 五人LESSERAFIM最棒!!! 我要去重刷了xd
988,: 每段都是killing prat… 太精彩了
989,: 又甜又帥又辣…而且第一次看就覺得每個人part都滿平均
990,:  都有killing point
991,: MV太有趣 做出自己風格了好感動
992,: 好聽又洗腦～～
993,: 比出道曲好很多欸！！！而且很洗腦
994,: 有點微妙 不同的路線xDD
995,: 俺替替替～～～罰酒罰酒！！　俺替替替～～罰酒！！
996,: 前半段覺得還好後半段直接被洗腦XDD
997,: 這張有中，一葉的PART變好多，先推
998,: 忙內站C那邊的表情超殺的 看了好感動QQ
999,: 根本尾牙神曲！！！！（？
1000,: MV 很棒欸
1001,: 這首好讚！MV五個人也都超美啊啊啊啊！
1002,: 一葉真的是鑽石越看越漂亮~
1003,: 真的是歐美喜歡的風格
1004,: 請問這團有專版了嗎
1005,: 有點微妙+1 怎麼一直念經式唱法啦
1006,: 這首歌沒有休息Part耶 是不是會累死XDDD
1007,: 一葉怎麼可以又美又帥！
1008,: 一葉第二段開頭rap有驚艷到！不同的感覺
1009,: 推推
1010,: 推！好喜歡！
1011,: 每個人都很亮眼
1012,: 別的不說現在腦內全是那個旋律XDDD
1013,: 很強 又走了一個新風格出來
1014,: MV質感很好 櫻花跟忙採的part有點太少 一葉這次蠻驚豔
1015,:  允真沒有特別發揮的part 我醃蘿蔔小海豹隊長金采源還
1016,: 是團內第一主唱
1017,: 天啊 好洗腦！ 每個成員都好正喔！
1018,: 大洗腦
1019,: 比上首有趣很多
1020,: 不過歌就同一段重複三次 其實編曲蠻無聊……
1021,: 太讚了
1022,: 推
1023,: 應該會紅
1024,: 忙內站C 太好看了啦!!!
1025,: 喜歡編舞！！好有特色
1026,: 這首很對外國人的味 也好聽!
1027,: 根據前陣子有去試聽的音樂媒體人評價 這張專輯第三首
1028,: 甚至第四首比主打更好 第五首good parts就很順的歌曲
1029,: 推推 很有特色
1030,: 不得不說hybe集團選歌品味都很潮
1031,: 明天下午等著看了
1032,: 好愛
1033,: 推推 蠻喜歡
1034,: 沒中..但忙內真的好可愛>_<b
1035,: 完全脫亞入歐
1036,: Bridge有點怪 但洗腦XD
1037,: 身為老AKB飯真的沒想過有一天櫻花是走這個風格XDD
1038,: 忙內真的超可愛
1039,: 真的都沒停的XD
1040,: 喜歡最後一段整個疊上去的感覺 不過一開始其實沒特別發
1041,: 現副歌在哪 但整體很喜歡 好期待舞台
1042,: 我覺得還好 至少每個團員都唱的到每個部分
1043,: 不過怎麼這時間丟MV出來
1044,: 有些片段不知道算rap嗎？念經到很奇怪，有點尷尬
1045,: 好洗腦 睡不著了XDD
1046,: 一葉那麼多蝴蝶結是參考神隱少女的紙人嗎
1047,: 沒想過櫻花會走到這+1
1048,: 結果不是要救地球 是被跟著一起炸 XD
1049,: 其實成員們選這張最喜歡的歌也沒人選主打XD
1050,: ㄧ葉身材好猛 入坑了哈哈
1051,: 不知道怎麼形容的歌www
1052,: 先不說好不好聽，只聽一次腦中真的自動有旋律好可怕
1053,: XD
1054,: 這次的每個成員的部分都很平均 喜歡日本的RAP~
1055,: 一葉太讓人瘋狂了
1056,: 有一段舞蹈表演Fire用搓手表示XD 感覺可以變成迷因
1057,: 每個人都亮眼+1
1058,: 確實是很難形容的歌  不過滿喜歡的
1059,: 老AKB飯+1 比較喜歡現在的櫻花 XD
1060,: 和出道曲一樣很快就有被洗腦的片段~期待非主打
1061,: 但這次MV中的造型幾乎都很不錯！
1062,: 喜歡欸 已被洗腦
1063,: 推推
1064,: 太美了五位都好美  每個人的part都好讓人驚艷 尤其是忙內
1065,:  櫻花舞蹈又更進一步了！好讚！
1066,: 滿洗腦的
1067,: 歌第一次聽有點微妙 但MV拍得很好看！
1068,: 一葉part變超多
1069,: 被洗腦＋1 期待舞台
1070,: 這首聽起來像mamamoo的歌。fearless比較有特色。
1071,: 煙台髮膠XDDD 好洗腦~
1072,: 廳第三次才開始看MV MV風格超讚的耶 很時尚的末日感XD
1073,: 好想看現場…感覺超燃的
1074,: 歌個人還好，但MV真的很好看耶
1075,: 五個人都好漂亮，想買專了(手癢
1076,: 第四首在Highlight聽起來滿美式青春歌曲的
1077,: 夭壽洗腦….. 全聽一遍就忘不了XDDD
1078,: 這現場應該不錯！
1079,: 歌有點無聊+1 而且真的被開頭櫻花那個側臉鼻子嚇死
1080,: 安踢踢踢
1081,: 只聽了一次有點不知道怎麼形容，但意外的滿喜歡，覺得比
1082,: 忙採吃掉地球超可愛 最近看片段 覺得他的Z世代屁孩風
1083,: 上次的好多了
1084,: 而且一葉氣質真的好好～～～
1085,: 也滿適合去地娛室那種風格的綜藝的XDD
1086,: 這首很神
1087,: 聽一次就被洗腦了 覺得有中耶
1088,: 好奇哪裡的消息說歐美很喜歡這風格?
1089,: 蠻好奇忙內抓的那顆是啥 芒果嗎
1090,: 很洗腦但感覺唱歌的部分有點太滿了，聽完會有點累XD
1091,: 期待show case 好燃
1092,: 怎麼給一葉米奇手套 舞不錯耶
1093,: 然後還是一葉真的好美～
1094,: 超洗腦欸  想看舞台!!
1095,: MV好看！成員分配感覺也很平均
1096,: TikTok應該會紅
1097,: Bridge後段的合音好讚… 覺得MV每個人都超亮眼的 這團
1098,: 真的很讚XDDD
1099,: 概念不錯欸 真的好愛一葉
1100,: 印度風嗎？ MV真的挺潮的
1101,: 每次看一葉都覺得hybe星探太厲害了
1102,: https://i.imgur.com/bHTbybo.jpg
1103,: 真的很像金煌芒果
1104,: https://i.imgur.com/szSPpZY.jpg
1105,: 官方說是拉丁風~
1106,: 天啊好洗，又比上一首更喜歡了
1107,: 這首歌好緊湊，覺得忙內part唱得有點尬，要加油！
1108,: 比上一首讚
1109,: 覺得忙內進步好多 舞台應該會很好看
1110,: 覺得一葉又做得更好了 采源允真好好看
1111,: 聽不完全曲，好微妙
1112,: 一葉很美 腹肌很讚 但是他歌聲真的不好聽...
1113,: 采源怎樣都好看XD
1114,: 推推推 歌好不好聽不說但真的好洗腦MV大家也拍的很漂亮
1115,: 忙內真的好可愛 期待舞台！！
1116,: 好喜歡這個風格欸...！
1117,: 然後整首歌都要一半了才有櫻花part
1118,: 很適合酒桌的歌(antititi罰酒罰酒)
1119,: 更期待舞台，這團舞台表現力太好了
1120,: 這首不是印度風……hybe可沒有Teddy……
1121,: 推！
1122,: 主打的曲風是afrobeats加一點拉丁的dance
1123,: 爆
1124,: 用耳機聽antifragile有分左右聲道 蠻酷的
1125,: 好讚！！比出道曲喜歡！！
1126,: 推！！！
1127,: 再看一遍覺得MV風格搭配這歌詞有點..中二XD
1128,: 分配很平均，MV也拍的很好，5位成員都有亮點
1129,: 無所謂，一葉不管怎麼樣都很香
1130,: 第一次聽完有點說不上來，但滿洗腦
1131,: 可能這首比較能舞台表現，期待非主打
1132,: 感覺part分的很不好，有的人密集在前面出現好幾次，
1133,: 有的成員只在後半段出現
1134,: 成員都很漂亮
1135,: 期待舞台感覺會炸！
1136,: 剛剛又聽了一次 老實講主打音樂性沒有很高 靠beats重
1137,: 複洗腦的老套路不是我特別喜歡的 不過拿來抓眼球 尤其
1138,: 是明天全專才上 今天提早釋出炒熱度是ok 舞台設計似乎
1139,: 不錯 三四首在試聽會的回饋才是精華 明天可以拭目以待
1140,: 覺得好聽
1141,: 有點太超前了我不行
1142,: 這首成員應該會跳的超累 期待舞台
1143,: 舞台感覺會很好看！
1144,: 這首歌我也不太行 真的就一直重複
1145,: 雖然是念歌但是是好聽的
1146,: 多聽兩次發現有點過癮 只是真的太滿了 沒有休息段落
1147,: 比較喜歡FEARLESS 不過ANTIFRAGILE的舞很中我的菜 不愧
1148,: 是Fim寶 各個都是可愛又迷人的反派角色
1149,: 歌真的不太...順耳，但人很美倒是真的，比上次酒店風好
1150,: 然後唱歌好聽的只有采源和允真
1151,: 超多，算有用心
1152,: 洗腦歌常常會越聽越喜歡XD
1153,: 覺得好讚！！和出道曲完全不同風格～～
1154,:  韓國目前主流應該不吃這套 HYBE把這團當實驗品了
1155,: 走出自己的風格了 很洗腦 ，希望給采源多一點高音歌，
1156,: 高音才能凸顯采源音色啊
1157,: 副歌一直罰酒罰酒
1158,: 采源已經唱很多了吧 硬要高音不太符合這團曲風
1159,: 感覺沒什麼旋律 人聲跟beats太突出 很多部分像念經
1160,: 喜歡 有種爽感
1161,: 采源跟允真已經拿到目前所有LESSERAFIM的高難度part了
1162,: 這首才是出道作品吧？
1163,: 歌曲沒有聽，單看畫面很殺欸
1164,: 聽起來像Auntie Fragile  脆弱阿姨
1165,: 采源當領唱蠻適合的耶
1166,: 聽完再推 金采源好正
1167,: 新一代唸經系女團，來個唸經三部曲吧XD
1168,: 推~
1169,: 一葉聽起來不太行 為何那麼多part...
1170,: 她們兩個是LESSERAFIM最會唱的沒錯 不過迷二這首主打一
1171,: 葉蠻驚豔 她的聲線其實蠻吃虧 不是傳統美聲 但是這首
1172,: 給她的part設計的很適合也很出彩
1173,: 覺得比出道曲好聽一點就是了，antititi那段有點阿雜但洗腦
1174,:  MV拍得不錯 舞蹈難度也提高 但最重要的歌 不太OK
1175,: 歌還沒中但推妹妹們好漂亮
1176,: 櫻花跟忙採比較慘 忙採前段跟櫻花中段各一兩句比較出
1177,: 色 其他都是幫襯 在這首歌幾乎沒什麼亮點
1178,: 我也覺得一葉雖然好看但唱的不太行
1179,: 為什麼是週日出MV阿
1180,: 超喜歡
1181,: 預告的時候不太喜歡一直重複歌名的部分覺得尷尬 整首
1182,: 聽完倒是還ok MV滿喜歡的 那個微妙的rap意外是最喜歡
1183,: 的部分 雖然是比較單調但聽了真的High
1184,: 不過這首舞蹈蠻好的，覺得舞台會很加分
1185,: OMG
1186,: 10/17上架 韓國時間已經17了
1187,: 用耳機聽左右聲道很爽
1188,: 妝造跟編舞都讚死！
1189,: 其實這首結構跟fearless類似 就是早早定好的三部曲
1190,: 覺得不錯啊 很洗腦
1191,: 爽感+1 看mv好快就聽完
1192,: fearless剛聽也覺得一直重複不太行 後來就OK了 只是這
1193,: 覺得很讚欸 聽感爽度很高
1194,: 先出主打MV可以炒一下熱度 尤其是已經宣布進駐抖音 而
1195,: 且重點是LESSERAFIM迷一到迷二 除了主打以外的收錄曲品
1196,: 質都很好 完全不擔心這次先上主打明天會沒其他新料可以
1197,: 享受
1198,: 首的rap有種很微妙的感覺
1199,: 其實也蠻期待很艾薇兒風的第四首XD
1200,: 采源終於有高音可以唱了
1201,: mv超漂亮
1202,: 一葉念經的部分有點微妙
1203,: 這首有夠洗腦但比較喜歡上一首 風格很讚感覺舞台會很
1204,: 燃
1205,: mv拍的真好，比上一張精緻很多，旋律超級洗腦，聽過
1206,: 一次絕對忘不了
1207,: 不知道為什麼覺得有點上癮
1208,: 好聽！！ 然後居然是0000發歌
1209,: 歌好難聽但是大家都好漂亮！Kazuha美出新高度
1210,: 歌曲的某些段落真的很像西班牙語歌曲的風格
1211,: mv細節滿滿很精緻 歌就還要再消化一下 初聽覺得偏弱
1212,: 說真的 rap的部分跟bridge好像都不太行…
1213,: Rap確實偏弱 歌詞塞好滿 但好洗腦
1214,: 歌不算好聽但這團真的有找到時髦的定位
1215,: 大家一樣完顏，但比較喜歡出道曲。不過這首真的太洗腦，
1216,: 聽一遍就忘不了崩潰要怎麼睡XDD
1217,: 忙內出場就可愛爆擊
1218,: 有點微妙但又覺得不錯 神奇的感覺XD 五人表現力都很好
1219,: 主歌和副歌都不錯 就rap和bridge那段英文很硬要的感
1220,: 覺 有點尷尬
1221,: 允真這首好吸睛
1222,: 現在是怕歌詞塞太滿 一直聽會聽覺疲勞XD
1223,: 一葉好正
1224,: Antitititi~超喜歡 這次給采源高音了讚
1225,: 好喜歡
1226,: 沒有空檔休息
1227,: 還行 真的滿出來 覺得采源的音色加很多分
1228,: 一葉中間念的那段真的有點小尬
1229,: 太漂亮了歌還沒中已經看三次
1230,: 聽第二次後很喜歡采源那一段
1231,: 一葉是只會念經跟拉筋嗎
1232,: BRIDGE有點怪...但是會紅～
1233,: 五人太棒了
1234,: 推推 全員又辣又可愛！
1235,:  這團沒rap擔當 是個大問題 HYBE聰明點就別硬加rap
1236,: 怎麼是禮拜日十二點發啊XDDD 好洗腦這樣怎麼睡
1237,: \Kazuha/\Kazuha/\Kazuha/
1238,: 一葉真的好美~
1239,: 這首概念就是唱給不看好她們的人 信心爆棚很帥
1240,: 目前還是更喜歡出道曲 但這首妝造和mv的質感更好
1241,: 巷子那個造型怎麼可以這麼美XD 很神奇沒中但不會不耐
1242,: XD
1243,: 歌很有趣很洗腦
1244,: 大家都太美了
1245,: 這首終於離開健身房 到戶外拍MV了
1246,: 這團能唱的只有兩個，感覺挑的歌都偏中低音 好可惜 一
1247,: 葉不會rap也不用硬塞就part少一點就好
1248,: 很上頭 越聽越有趣XD
1249,: 很新鮮的風格！！！
1250,: 歌好，舞好，MV也好，為什麼要在星期日半夜發XD
1251,: 感覺舞台會很好看!
1252,: 推推 更期待明天另外兩首收錄QQ 也希望分part可以再平均
1253,: 一點吧…
1254,: 好讚…….
1255,: 妹妹們的自信感很亮眼，期待舞台，偷推一下一葉之前
1256,: 延世的sour grape ,覺得她會慢慢找到適合自己的區域
1257,: ～
1258,: 777777
1259,: 歌很洗腦 唱的部分還不算差 但有一段rap(那算rap嗎)超
1260,: 超喜歡 應該拿這首當出道曲
1261,: 聽不適應的朋友，請勿驚慌（此為正常現象
1262,: 這團的歌曲聽約莫半年後才會開始順耳XXD
1263,: 她們走在太前面了這個！！
1264,: 有點無聊+1 編曲真的沒什麼亮點 多聽看看會不會改觀
1265,: 級微妙... 那段不管誰來聽起來都不太行
1266,: 我愛允真！！
1267,: 韓國已經17號哦  所以是星期一
1268,: 這團應該是走舞台路線的  期待一下打歌
1269,: 讚不錯聽
1270,: 每段都超讚的！期待收錄曲
1271,: 一葉漂亮，但唱歌和Rap真的都不太行
1272,: 一葉念經是真的不太行 不過也沒有不搭  然後不要叫他
1273,: 拉筋了......
1274,: 這首歌配舞台應該很讚 推推
1275,: 忙內去唱歌比較好不要rap
1276,: 以洗腦歌來說很好聽XD 喜歡！
1277,: Fearless一直在音源榜上
1278,: 那段rap的flow和beat聽起來都怪
1279,: 感覺這首要嗎就爆紅要嗎也是打持久戰
1280,: 貓掌舞有可愛到
1281,: 這歌就是不是會到很喜歡，但很妙的可以一直聽都不會覺得
1282,: 不耐煩
1283,: 一向不太喜歡洗腦歌，但這首能聽下去XD
1284,: https://youtu.be/OG4gq9fCoRE
1285,: 確實很有這首的味道
1286,: 超好聽欸一次中
1287,: 但是大部分成員的聲音也太不適合rap…XDD
1288,: 她們的歌還是一如既往很時尚，喜歡
1289,: 第二遍副歌就中了，好聽啊
1290,: 很西語歌，今年歐美大火，難怪歐美和樂評反應不錯，這種
1291,: 活力中二加上洗腦舞蹈真的不錯，希望可以走出特色
1292,: https://imgur.com/hdX9WUS
1293,: 副歌有夠洗腦
1294,: 莫名就聽完了 這首舞台感覺會很強 大家都好美
1295,: MV看起來是在烏克蘭拍的，歌是比較有質感的ITZY
1296,: rap真的不太行 但副歌跟beat太好聽了
1297,: 到底誰說那段是rap啊XDDDD 不就一個bridge而已
1298,: 48老粉真的沒想到櫻花會走到這+1XD 喜歡～
1299,: 這首歌有中，MV也拍得不錯，期待舞台
1300,: 最後的殞石可以P成佳藍
1301,: 難聽死了
1302,: 怎麼感覺台灣尾牙之後會一直出現這首 安踢踢踢踢罰酒罰酒
1303,: 就超級簡短的唱過去而已XDDDDDDDDDDD
1304,: 出道曲大眾接受度感覺比較高，但個人很喜歡願意嘗試
1305,: 不同曲風的態度，音樂就是這樣才有趣多變
1306,: 這團是要看舞台的 期待舞台
1307,: 超喜歡她們的帥氣性感風耶
1308,: Anti本來就可以讀作an-tie或an-tee
1309,: 不過如果以後要繼續rap，成員真的要多練一下
1310,: 第一次聽覺得完了好吵，沒想到聽到現在覺得超耐聽XDD
1311,: DD
1312,: 采源在這表現真的很亮眼 同喜歡不同曲風嘗試
1313,: 希望大發爆紅打穩基礎，有被櫻花的出現秒數傷到，但
1314,: 她挺著就跟著挺，下一張概念反正都訂好了！希望LS大
1315,: 發 難得真的全員肌肉線條的女團！
1316,: 目前不算喜歡卻不會不耐，很神奇XDDDD
1317,: 如果忙內跟一葉rap的更好一點的話，應該誇的會比批評的
1318,: 多很多
1319,: 比較喜歡出道曲+1
1320,: 好洗腦 覺得聽不久
1321,: 要塞那麼多rap應該當初要塞一個很會唸的不是退團仔
1322,: 比較喜歡這首耶哈哈哈 只是有點擔心live感覺超忙
1323,: 是芒果阿? 我還以為是馬鈴薯.
1324,: 主打的唱腔聽起來也太尬…
1325,: 很喜歡一葉，但覺得歌曲製作人沒有抓到zuha的點，期
1326,: 待她快點找到自己的領域
1327,: 沒有咻咻咻或嚕嚕嚕這種詭異rap就好
1328,: 這首櫻花舞台part應該不少呀 但mv畫面切的比較碎
1329,: 其實我覺得一葉出道曲rap的也蠻尬的，不是flow的問題而
1330,: 已她音色好像就不適合
1331,: 推
1332,: 這到底什麼東西
1333,: 太超前了 無法 但還是推個
1334,: 期待收錄曲，製作人加油，我們一葉需要你XD
1335,: 微妙的歌。不過忙內好美好可愛！
1336,: 回樓上ira大 櫻花15s（其他人都2倍以上）不過她出現
1337,: 的地方都很亮眼，還有這首沒有硬卡三分鐘也值得拍拍
1338,: 手～
1339,: MV超暈 雖然畫面好看但一直晃一直放大一直切畫面超難看
1340,: 讚死
1341,: 忙內真可愛
1342,: 櫻花畫面很碎之外其他成員都很亮眼
1343,: 大家都很會而且也知道自己很會
1344,: 聽到一半一直想卡歌QQ明天頭腦清醒點再來聽一次好了～
1345,: 歌沒中，而且喜歡的成員part不多畫面也少QQ 畫面和歌曲
1346,: 都分配不平均
1347,: 成員沒有被畫面蓋掉氣勢，有撐起來覺得很棒，自信美
1348,: 女，忙內跟一葉未來讓人期待
1349,: 扣掉開頭像是Intro跟尾段的劇情 應該也是三分鐘而已
1350,: 第一次聽就愛死
1351,: 這首超燃的，bass為主的編曲有夠性感，好愛
1352,: 覺得rap 不行…
1353,: 其他還可以
1354,: 整體可能要看音放舞台表演才知道
1355,: 恩採 罰酒 恩採 罰酒  (誤....
1356,: 出道曲到這首，櫻花的鏡頭都比想像中少，哭了。
1357,: MV超讚!!
1358,: 櫻花舞台應該會超讚的，最後一段副歌手太高有夠萌
1359,: 很推用耳機聽 左右聲道很讚
1360,: Teaser出來本來沒有很喜歡 但全曲意外蠻順的
1361,: 韓國人評價超好
1362,: 有點get不到歌 但大家都好美
1363,: 微拉丁感很不錯，但歌詞好密集，舞台會累死XD 看一葉抬腿
1364,: 的時候的歌詞，還蠻貼切的吧？
1365,: 她們的歌感覺都很適合健身房，一下子時間就過了
1366,: 推 好愛
1367,: 現在的團都不能好好唱歌嗎XD
1368,: https://i.imgur.com/MUhf11H.jpg
1369,: 看來就是要走運動時尚風，但連續兩次的主打都不太愛，比
1370,: 較喜歡藍火焰的風格
1371,: 不是個人喜歡的歌 但成員們的自信感跟氣勢很棒！尤其櫻
1372,: 花挑戰自己真的永遠沒有極限
1373,: 感覺很難唱的歌，主唱比較沒能發揮什麼
1374,: 歌其實聽不完...真的老了 跟不上現在流行的曲風Q
1375,: 沒中，但是MV漂亮
1376,: 跟那首出道主打一樣一次都聽不完 當然也不會想再聽第
1377,: 二次   這首歌一點也無法反脆弱  尤其副歌聽得我覺得
1378,: 都要神經衰弱XDD  MV只有采源還可以  櫻花一整個神隱
1379,: 歌不懂覺得聽不完，但編舞蠻讚!
1380,: 歌很洗腦 MV也感覺花很多錢XD 五人都很亮眼 舞台應該會超帥
1381,:  期待～
1382,: 采源的表現力真的100分
1383,: hybe有點東西啊
1384,: 好洗腦 期待舞台
1385,: 忙內剪瀏海後太可愛了
1386,: 一片老人家哀嚎，好哀桑~
1387,: mv超漂亮 是說 收錄曲 good parts 超好聽的
1388,: 金煌芒果我快笑死
1389,: Rap微妙但全員自信的氣場很殺 副歌洗腦立刻會唱了
1390,: 聽完第二次好像變得蠻喜歡的 真神奇XD
1391,: 完顏團
1392,: 歌詞也很喜歡 好讚
1393,: 回遙遠的haha大 以官方公布的這首實際是3分04秒
1394,: 還是卡3分鐘XD
1395,: 真的一直無法聽完只能看過去人很可愛這樣
1396,: 當初的Fearless我覺得還不錯啊，可是這首聽了兩遍還是
1397,: 聽不懂QQ，不過大家都很漂亮
1398,: 怪歌風...感覺有點itzy感...XD
1399,: 罰三杯了啦～
1400,: 真的很不錯啊啊啊這個主打我喜歡!期待舞台感覺會很好看
1401,: 很喜歡 mv也不錯 除了一葉蝴蝶結造型
1402,: 救命，被antititi fre..瘋狂洗腦攻擊睡不著
1403,: 現在曲風那麼前衛的嗎…真的聽不懂，不過很洗腦
1404,: 蛤我很喜歡一葉有點低的聲音的說Q 不過這首很多奇怪的Bri
1405,: dge結果塞給一葉唱
1406,: 好聽死了 時髦到不行
1407,: 完全沒有休息耶XDDDD會累死哈哈，但是走出新風格覺得會
1408,: 紅
1409,: 旋律重複性有點太高但好高級而且五個人都好美
1410,: 一葉真的好漂亮啊！！
1411,: 超好聽
1412,: 副歌最高
1413,: 覺得一葉表現很好阿
1414,: 出道曲比較神
1415,: 我的品味已經跟不上流行了嗎...怪腔怪調聽了有夠燥
1416,: 很好 ~ 我喜歡
1417,: 好聽欸 還是很有她們的風格
1418,: 好時髦阿
1419,: 用耳機聽超讚 一起床就腦內自動播放…
1420,: 好難聽的歌
1421,: 忙內可愛爆
1422,: 很讚!期待今晚成績
1423,: 覺得很讚啊 超洗腦 感覺會大爆
1424,: 超級洗腦 好讚
1425,: 好好聽 歐美風
1426,: 忙內太可愛了吧 髮型造型好適合她
1427,: 洗腦但廳不完 MV拍得不錯
1428,: 超愛！期待全專釋出，希望音源會比上次好
1429,: 糟糕今天第一首點開這首歌了XDDDD
1430,: 樓上t大+1 XD
1431,: 歌曲好怪
1432,: Anti fragile 這個是不是左聲道跟右聲道
1433,: 昨晚用手機播沒發現XD
1434,: 越聽越好聽，會忍不住一直抖動
1435,: 好時髦！
1436,: 耳機聽很多細節欸！
1437,: 不是1800才會公開嗎 怎麼突襲
1438,: 1800是全專音源 這個只有主打MV
1439,: 沒啊 本來就排12.公布MV喔
1440,: 好微妙........
1441,: 我反而很喜歡欸 平常就很喜歡雷鬼凍
1442,: 歌不是很愛，但大家都好美啊啊忙內C位也很驚艷
1443,: LS有專版嗎
1444,: 喜歡！而且歌詞真的有量身打造
1445,: 糟糕今天腦內都是旋律www
1446,:  IZONE版
1447,: 回P大 目前沒有專板 主要討論的地方有izone版的綜合閒聊
1448,: 區
1449,: 比fearless喜歡多了 一聽就愛
1450,: 從izone時期就發現了 采源的part都特別抓耳
1451,: 櫻花專版也有討論 在日本女星區
1452,: 真的蠻微妙的歌
1453,: 雷鬼凍在亞洲非主流，hybe對音樂很有野心
1454,: 罰酒罰酒！！！
1455,: 期待空降成績
1456,: 一早起來腦袋又有聲音 恩採罰三杯酒
1457,: 這次歌、舞、MV都很有趣
1458,: 超期待舞台～這首從音樂、MV、服裝造型、舞蹈都很滿意～
1459,: 越聽越喜歡 主歌 副歌 都好讚
1460,: 舞蹈片段 也真的很精彩很期待
1461,: 欸滿難聽的= = 傻眼 淚等gidle
1462,: fearless也是不錯 但我沒有重複聽很多次
1463,: 這首真的好洗腦
1464,: 全曲最洗腦的post chorus又沒像上次一樣搭配有記憶點
1465,: 的舞
1466,: 好期待舞台
1467,: 罰酒～罰酒～ 尾牙神曲？
1468,: 完全中…超好聽
1469,: 會覺得重複罰酒的部分比較阿雜，但應該大眾會喜歡的歌
1470,: 歌不習慣 但是一葉身上那個很像形代的蝴蝶結更不習慣
1471,: 歌應該聽久了就好聽了 很洗腦~
1472,: 忙採未成年不能罰酒XD
1473,: 沒聽完
1474,: 要唱出符合這首曲風的rap的技巧可能超出他們能掌握的難
1475,: 度了，不然那幾段rap其實不會突兀，MV拍得很帥，不知道
1476,: 舞台會怎麼呈現，還蠻期待的
1477,: 大家 全專都很好聽 不喜歡主打的人可以聽聽其他首收錄曲
1478,: 印證前幾樓說的，確實覺得第四首比較好聽XDD
1479,: No Celestial 有夠讚！極力推薦！
1480,: Intro很好聽欸！！！
1481,: good parts好聽死
1482,: spotify也有囉
1483,: No Celestial好聽
1484,: 整張專都讚死了！又是一張可以一直repeat的專～
1485,: 好喜歡No Celestial的搖滾味
1486,: No Celestial 超好聽循環中、、副主打也太讚
1487,: No Celestial有10年前西洋搖滾那味
1488,: 第四、第五首都好聽  不知道副主打是哪首？
1489,: Good parts的歌詞好棒
1490,: No Celestial被河蟹了 XD
1491,: 副主打是No Celestial～
1492,: 那No Celestial可以穿第三組概念照那套打歌嗎？超搭！
1493,: 被河蟹是什麼意思??
1494,: 等下會有舞台但看之前repo 應該不是概念照出現過的衣服
1495,: ～
1496,: 好狠 副主打直接中爛
1497,: 第四首好好聽！！！
1498,: 6點有comeback show，四首新歌都有舞台！
1499,: https://www.youtube.com/watch?v=ID1Z0jhMXuM
1500,: Good Parts好聽 good~good~ good~good~
1501,: 每一首都超好聽 瘋掉！No skip album~
1502,: 期待舞台><
1503,: No Celestial很有歌舞青春跟艾薇兒感XDD
1504,: 全專真的都好聽..:
1505,: 好喜歡No Celestial
1506,: 像以前迪士尼青少年電影會有的主題曲
1507,: No Celestial超好聽！！
1508,: 支持no celestial 當主打
1509,: 神專
1510,: No Celestial現場版很棒！！
1511,: No Celestial 歌詞應該是"no fuckin'" 被河蟹了
1512,: 好讚一次就出全專！過癮！
1513,: 有些新女團都只出1、2首很可惜
1514,: 恩採很適合No Celestial!!!
1515,: 再次感嘆金采的嗓音 有她的部分都很亮眼
1516,: 真的又一張神專 No Celestial完全是主打程度 充滿能量
1517,: Good parts好好聽！
1518,: No Celestial舞臺很好看耶！！！
1519,: 不過櫻花講話怎麼還是要破音的樣子XDDD
1520,: 原來如此 感謝解答
1521,: 櫻花破音是招牌啊XD
1522,: 辣翻
1523,: 整張專輯可以順順聽~主打真的越聽越愛XD
1524,: 覺得音樂質感有做出來
1525,: 收錄曲也好聽~
1526,: 綜藝快笑死了XD
1527,: 每場舞台都好好看...
1528,: 收錄都好好聽
1529,: 主打的音源版比MV更順一些~
1530,: 收錄也都很好聽欸好棒～
1531,: 超時髦 非粉但中到不行
1532,: 全專都超好聽
1533,: 全專都超好聽 看完舞台覺得團體氣氛有夠好
1534,: rap(?)部份黑人問號XD 但整體mv造型都很好~
1535,: 全專都好好聽QQ 連舞台也超好看
1536,: 雖然反感HYBE，但大黑的音樂品質真的都不是隨便做的
1537,: 每次出的歌都很愛==
1538,: 所以那個不是金煌芒果嗎XDD
1539,: No Celestial很讚
1540,: No Celestial 現場版真不錯
1541,: 忙內的rap真的很尬XD 許允真聲音好讚
1542,: 讚 對金魚腦的聽眾這很有記憶點
1543,: 很西洋歌曲！一聽就喜歡
1544,: no celestial 有夠讚，一定要去看舞台，感染力很強
1545,: 同事說這首很適合飛輪課XD
1546,: 適合zumba XD
1547,: MV最後隕石直接砸到他們身上覺得有點好笑XD
1548,: 是要表現他們被隕石砸了也無所畏懼嗎？XD
1549,: 那顆隕石只差沒把加藍p上去
1550,: 那顆隕石就真的是講假爛吧
1551,: 應該跟千萬別抬頭有一曲同工之妙
1552,: 看完舞台 主打跟非主打都喜歡
1553,: 全專都好聽 推推 另覺得主打會爆 LS加油！
1554,: 只能在YT上聽采源罵在話了（誤XD
1555,: 為什麼感覺也會是適合f(x)的歌
1556,: 推推 No Celestial好好聽，五人真的好讚
1557,: 念經
1558,: 推推推 超級喜歡＜3
1559,: 好聽推推
1560,:
1561,: 推
1562,: 推推
1563,: 推～～期待回歸！
1564,: Teaser 忙內真的有夠可愛受不了
1565,: 推推
1566,: 歌曲很LS 覺得有打造出他們的風格很不錯
1567,: https://youtu.be/wK8BtRt3e4A 可以先聽聽看曲目第五首
1568,: 收錄曲good parts 已經先公開了 歌詞也很讚
1569,: 超期待！！！
1570,: 小櫻花
1571,: 也太讚
1572,: 推推
1573,: Good parts超好聽！！！！！
1574,: 推LS 推一葉~
1575,: Good parts好聽耶 重複循環
1576,: [情報] Good Parts歌詞
1577,: https://www.ptt.cc/bbs/Sakura/M.1665280347.A.F40.htm
1578,: l
1579,: 推起來
1580,: 忙內瀏海直接亮眼起來
1581,: 推推
1582,: 公司壓力應該不小
1583,: 上面壓力很大
1584,: 公司壓力大是因為同集團的new jeans關係嗎？
1585,: 喜歡1、3版，都蠻好看的。覺得第3版最適合她們～
1586,: 不是 是因為ID關係
1587,: 推～
1588,: 推
1589,: 推!
1590,: 推
1591,: Good part超好聽，NJ成績很好，但是LS也可以走出自己道
1592,: 路！！
1593,: 可惡被釣到QQ
1594,: 照片都很好看 第二組像珠寶型錄
1595,: 這次概念照好好看
1596,: NJ跟LS不同風格呀
1597,: 回歸大發吧！！！
1598,: 他們照片拍的好看耶 有質感
1599,: 感
1600,: 允真好可愛<3
1601,: 預告2裡每一幀每個人都好耀眼
1602,: 超讚啦怎麼辦已中毒
1603,: leak超像ITZY的歌，可惜JYP收不到這種好歌
1604,: 推 又是騎機車
1605,:  跟出道概念影片一樣 看得出砸錢 但沒有相對應的質感
1606,: 沒有嗎？？？
1607,: 噗噗 好哦你說沒有質感那就沒有質感 低調低調
1608,: 這叫沒質感喔？是不是要珠光寶氣閃亮亮才叫質感阿？
1609,: 太讚了 期待
1610,: 超讚超有質感的～原本還想說這麼好看怎麼還沒人發來這XD
1611,: 推推 大家都拍的很好看
1612,: 片長很有誠意超好看 應該會是Intro？
1613,: 推推 好期待！！！
1614,: 推推 超喜歡貨櫃伸展臺
1615,: 也太潮了吧天啊
1616,: 推 但一方面覺得怎麼又走秀XD(想起出道showcase)
1617,: 前面的台詞還是好中二XD 感覺概念延續但又提升了一點 期
1618,: 待！
1619,: 有夠好我的天…很有質感
1620,: 看了很多次 喜歡 很期待
1621,: abc就在前幾篇說LS成績普通不成功啊 不ey這麼說 XD
1622,: 但我認真覺得這次的走秀很像ANTM的泰媽整人台步挑戰賽
1623,: 要一邊躲避特技車隊的干擾一邊完成走秀 目標是看女孩
1624,: 們嚇到跌倒或倒退嚕的節目效果那種沒兩樣時裝秀
1625,: 超好看 喜歡走秀概念
1626,: 很有趣欸 有砸錢哦 而且沒有佳藍就是舒服
1627,: 覺得不錯，但女權感有點重
1628,: 推概念！推質感！成員都好漂亮～
1629,: 覺得這次質感好很多呀 而且噴漆風格的服裝很讚
1630,: 推推 成員們都很漂亮 拍的也很好
1631,: 一葉真的美爆
1632,: 好喜歡采源最後一個造型
1633,: 全部都好漂亮
1634,: 好看 有拍出他們自己的風格
1635,: 承襲前輯的風格持續延伸~期待teaser
1636,: 好喜歡
1637,: 卡車一直想到劇透小卡的那台XD
1638,: 推啦 看起來風格跟上次有接續
1639,: 還好沒有鐘擺搖來搖去不然就真的是ANTM了
1640,: 推 很期待
1641,: 看完紀綠片後有點路轉粉了，這次hydra的概念很妙啊，少了
1642,: 一個頭更強大了
1643,: 質感好好 期待！
1644,: 期待！
1645,: 傻眼，主打感覺很好聽
1646,: 好酷 確定走這種類型跟路線了耶
1647,: 好期待喔 感覺這台卡車應該會出現在韓國各處！
1648,: 前面的台詞好像是因為Hydra指的是九頭蛇～
1649,: 期待
1650,: 超期待
1651,: 好看！喜歡這種酷辣但不會超齡成熟的風格
1652,: 台讚了！
1653,: 會一直想到美國隊長的Hydra
1654,: 感覺真的把團名當成潮流品牌經營,每次回歸就一場秀
1655,: 都這樣了還被說沒質感xd
1656,: 少了5號真的順眼多了
1657,: 女團一堆還能走出自己的風格真的厲害
1658,: 推推 好期待！
1659,: 太長了吧
1660,: 五個人都美到不行！
1661,: 期待！！
1662,: 質感好很多
1663,: 還不錯耶
1664,: 推！很讚！後面貨櫃的logo不知道是不是實物，感覺大成本
1665,: 好想買 Logo 的周邊喔～ 真有精品感！
1666,: 喜歡！風格好好看～
1667,: 這次質感提升很多啊，一葉和采源好美!
1668,: 伸展台風格的定位挺特別的！期待這次的曲風
1669,: 這團真的很完顏阿～（個人取向
1670,: 質感超好，這次真的好棒，好期待正式mv
1671,: 推推 很喜歡這個Trailer～～～
1672,: 推
1673,: 一葉老婆這衣服太美了
1674,: 這次的catwalk比上次好太多了
1675,: 一葉太美了吧
1676,: 推
1677,: 完顏團+1
1678,: 質感好好 這次回歸真的令人期待
1679,: 概念和質感又不是只看造型的部分 傳達出來的意義才是
1680,: 重點
1681,: 質感還不錯呀
1682,: 五人編制讚讚
