名稱,刊版網址,昨日人氣
原神,https://forum.gamer.com.tw/A.php?bsn=4212,387061
新楓之谷 ,https://forum.gamer.com.tw/A.php?bsn=4212,312604
流亡黯道 Path of Exile,https://forum.gamer.com.tw/A.php?bsn=4212,281813
勝利女神：妮姬 ,https://forum.gamer.com.tw/A.php?bsn=4212,255544
RO仙境傳說：愛如初見（Ragnarok ORIGIN） ,https://forum.gamer.com.tw/A.php?bsn=4212,238010
神魔之塔,https://forum.gamer.com.tw/A.php?bsn=4212,236011
貓咪大戰爭（にゃんこ大戦争）,https://forum.gamer.com.tw/A.php?bsn=4212,179463
蔚藍檔案 ,https://forum.gamer.com.tw/A.php?bsn=4212,161874
英雄聯盟 League of Legends ,https://forum.gamer.com.tw/A.php?bsn=4212,150985
眾神派對 ,https://forum.gamer.com.tw/A.php?bsn=4212,150220
緋染天空 Heaven Burns Red ,https://forum.gamer.com.tw/A.php?bsn=4212,124040
惡靈古堡,https://forum.gamer.com.tw/A.php?bsn=4212,122590
神奇寶貝（精靈寶可夢）系列 ,https://forum.gamer.com.tw/A.php?bsn=4212,117538
阿爾比恩 Online ,https://forum.gamer.com.tw/A.php?bsn=4212,111810
明日方舟 ,https://forum.gamer.com.tw/A.php?bsn=4212,99773
黑色沙漠 BLACK DESERT ,https://forum.gamer.com.tw/A.php?bsn=4212,95174
怪物彈珠,https://forum.gamer.com.tw/A.php?bsn=4212,87247
三國志幻想大陸,https://forum.gamer.com.tw/A.php?bsn=4212,86039
Fate/Grand Order ,https://forum.gamer.com.tw/A.php?bsn=4212,83490
RO 仙境傳說 Online,https://forum.gamer.com.tw/A.php?bsn=4212,79378
