文字,網址
館長推薦,https://www.momoshop.com.tw/category/MgrpCategory.jsp?m_code=4300100001
筆電排行TOP30,https://www.momoshop.com.tw/category/DgrpCategory.jsp?d_code=4300100018&TOP30=Y
下殺全館6折up,https://www.momoshop.com.tw/category/DgrpCategory.jsp?d_code=4300100481
Intel EVO 認證筆電★熱銷推薦,https://www.momoshop.com.tw/category/DgrpCategory.jsp?d_code=4300100203&p_orderType=4&showType=chessboardType
NVIDIA STUDIO認證機種,https://www.momoshop.com.tw/category/DgrpCategory.jsp?d_code=4300800477
NVIDIA》RTX40系列新上市,https://www.momoshop.com.tw/category/DgrpCategory.jsp?d_code=4300800598
NVIDIA》Cyberpunk 2077,https://www.momoshop.com.tw/category/DgrpCategory.jsp?d_code=2144100103
AMD》效能再進化全系列,https://www.momoshop.com.tw/category/DgrpCategory.jsp?d_code=4300100661
預載M365一年★,https://www.momoshop.com.tw/category/DgrpCategory.jsp?d_code=4300100557
M365》辦公必備組合,https://www.momoshop.com.tw/category/DgrpCategory.jsp?d_code=4300100922
》W11Pro 釋放無限可能,https://www.momoshop.com.tw/category/DgrpCategory.jsp?d_code=4300100487
Office 2021 》必備文書軟體,https://www.momoshop.com.tw/category/DgrpCategory.jsp?d_code=4300101064
新上市》搶先預載Windows11,https://www.momoshop.com.tw/category/DgrpCategory.jsp?d_code=4300100371
全新登場w11免費升級,https://www.momoshop.com.tw/category/DgrpCategory.jsp?d_code=4300100754
本月主打,https://www.momoshop.com.tw/category/MgrpCategory.jsp?m_code=4300100728
Acer★指定品登記送mo幣,https://www.momoshop.com.tw/category/DgrpCategory.jsp?d_code=4300100677&p_orderType=4&showType=chessboardType
MSI加碼★登記最高送17%,https://www.momoshop.com.tw/category/DgrpCategory.jsp?d_code=4300100527
Lenovo抗漲★5購送mo幣!,https://www.momoshop.com.tw/category/DgrpCategory.jsp?d_code=4300100641
Surface Pro9★新機上市!,https://www.momoshop.com.tw/category/DgrpCategory.jsp?d_code=4300100551
ASUS狂歡★全館75折up,https://www.momoshop.com.tw/category/DgrpCategory.jsp?d_code=2104300192&p_orderType=4
HP全館最低6折UP★再搶mo幣,https://www.momoshop.com.tw/category/DgrpCategory.jsp?d_code=2142700069&p_orderType=4
Dynabook★年中夏拚抽好禮,https://www.momoshop.com.tw/category/DgrpCategory.jsp?d_code=4300100369&p_orderType=4&showType=chessboardType
AVITA★免萬筆電抱回家,https://www.momoshop.com.tw/category/DgrpCategory.jsp?d_code=4300100998&p_orderType=4
LG★好禮大fun送,https://www.momoshop.com.tw/category/DgrpCategory.jsp?d_code=4300100254&p_orderType=4&showType=chessboardType
技嘉★最後倒數抽電競椅╬,https://www.momoshop.com.tw/category/DgrpCategory.jsp?d_code=4300100611&p_orderType=4&mdiv=4300800000-bt_2_095_01-bt_2_095_01_e9&ctype=B&sourcePageType=4
技嘉★指定品登記送mo幣,https://www.momoshop.com.tw/category/DgrpCategory.jsp?d_code=4300100653
華為★指定送豪禮,https://www.momoshop.com.tw/category/DgrpCategory.jsp?d_code=4300100624
Dell★Vostro商務首選,https://www.momoshop.com.tw/category/DgrpCategory.jsp?d_code=4300100659
Dell★最新13代亮相/送鼠包,https://www.momoshop.com.tw/category/DgrpCategory.jsp?d_code=4300100609
Dell★指定品送限量鼠包,https://www.momoshop.com.tw/category/DgrpCategory.jsp?d_code=4300100644
DELL▼指定送滑鼠包包,https://www.momoshop.com.tw/category/DgrpCategory.jsp?d_code=4300100185
Acer》原廠登陸送即享卷,https://www.momoshop.com.tw/category/DgrpCategory.jsp?d_code=4300100529
捷元》賀新春搶優惠,https://www.momoshop.com.tw/category/DgrpCategory.jsp?d_code=4300800526
ASUS 華碩,https://www.momoshop.com.tw/category/MgrpCategory.jsp?m_code=4300100008
★熱銷夯貨,https://www.momoshop.com.tw/category/DgrpCategory.jsp?d_code=2104300192&p_orderType=4&showType=chessboardType
★全新13代,https://www.momoshop.com.tw/category/DgrpCategory.jsp?d_code=4300100651
★文書推薦,https://www.momoshop.com.tw/category/DgrpCategory.jsp?d_code=2104300215&p_orderType=4
★直升16G專區,https://www.momoshop.com.tw/category/DgrpCategory.jsp?d_code=4300101140
★OLED筆電,https://www.momoshop.com.tw/category/DgrpCategory.jsp?d_code=4300100252
★升級規格組,https://www.momoshop.com.tw/category/DgrpCategory.jsp?d_code=2104300228
★送1T硬碟,https://www.momoshop.com.tw/category/DgrpCategory.jsp?d_code=4300100805&p_orderType=1
★Office組合,https://www.momoshop.com.tw/category/DgrpCategory.jsp?d_code=4300101062
★藍芽耳機組,https://www.momoshop.com.tw/category/DgrpCategory.jsp?d_code=4300100273
E/X 超值文書,https://www.momoshop.com.tw/category/DgrpCategory.jsp?d_code=4300100572&p_orderType=1
PRO創作者,https://www.momoshop.com.tw/category/DgrpCategory.jsp?d_code=2104300357&p_orderType=4
X/K 娛樂效能,https://www.momoshop.com.tw/category/DgrpCategory.jsp?d_code=4300100942&p_orderType=1
S 輕薄效能,https://www.momoshop.com.tw/category/DgrpCategory.jsp?d_code=4300100767&p_orderType=1
UX 完美輕薄,https://www.momoshop.com.tw/category/DgrpCategory.jsp?d_code=4300100573&p_orderType=1
ROG 電競,https://www.momoshop.com.tw/category/DgrpCategory.jsp?d_code=4300100576&p_orderType=1
ProArt繪圖,https://www.momoshop.com.tw/category/DgrpCategory.jsp?d_code=4300100104
2合1翻轉觸控,https://www.momoshop.com.tw/category/DgrpCategory.jsp?d_code=4300100575&p_orderType=1
升級特仕版,https://www.momoshop.com.tw/category/DgrpCategory.jsp?d_code=4300101101
商用系列,https://www.momoshop.com.tw/category/DgrpCategory.jsp?d_code=4300100610&p_orderType=1
福利品專區,https://www.momoshop.com.tw/category/DgrpCategory.jsp?d_code=4300100712&p_orderType=1
含Office專區,https://www.momoshop.com.tw/category/DgrpCategory.jsp?d_code=4300100870&p_orderType=1
12吋以下,https://www.momoshop.com.tw/category/DgrpCategory.jsp?d_code=4300100010&p_orderType=1
13吋,https://www.momoshop.com.tw/category/DgrpCategory.jsp?d_code=4300100031&p_orderType=1
14吋,https://www.momoshop.com.tw/category/DgrpCategory.jsp?d_code=4300100011&p_orderType=1
15吋,https://www.momoshop.com.tw/category/DgrpCategory.jsp?d_code=4300100012&p_orderType=1
17吋,https://www.momoshop.com.tw/category/DgrpCategory.jsp?d_code=4300100436&p_orderType=1
★最新11代,https://www.momoshop.com.tw/category/DgrpCategory.jsp?d_code=4300100178
倒品,https://www.momoshop.com.tw/category/DgrpCategory.jsp?d_code=4300100966&p_orderType=1
VIP限定,https://www.momoshop.com.tw/category/DgrpCategory.jsp?d_code=4300100937&p_orderType=1
Acer 宏碁,https://www.momoshop.com.tw/category/MgrpCategory.jsp?m_code=4300100003
★今日最殺,https://www.momoshop.com.tw/category/DgrpCategory.jsp?d_code=4300100677&p_orderType=4&showType=chessboardType
★福利品出清,https://www.momoshop.com.tw/category/DgrpCategory.jsp?d_code=4300100676
★13代新機,https://www.momoshop.com.tw/category/DgrpCategory.jsp?d_code=2104200200&sourcePageType=4
★12代促銷,https://www.momoshop.com.tw/category/DgrpCategory.jsp?d_code=4300100530
★11代下殺,https://www.momoshop.com.tw/category/DgrpCategory.jsp?d_code=4300100184
EVO專區,https://www.momoshop.com.tw/category/DgrpCategory.jsp?d_code=4300100378
Swift 美型,https://www.momoshop.com.tw/category/DgrpCategory.jsp?d_code=4300101117
Swift Go新系列,https://www.momoshop.com.tw/category/DgrpCategory.jsp?d_code=4300100538
RTX 40系列,https://www.momoshop.com.tw/category/DgrpCategory.jsp?d_code=4300101113
Predator Neo,https://www.momoshop.com.tw/category/DgrpCategory.jsp?d_code=4300800040&sourcePageType=4
Nitro 電競,https://www.momoshop.com.tw/category/DgrpCategory.jsp?d_code=4300800204&p_orderType=6&showType=chessboardType
入門電競,https://www.momoshop.com.tw/category/DgrpCategory.jsp?d_code=4300800581&sourcePageType=4
Aspire效能,https://www.momoshop.com.tw/category/DgrpCategory.jsp?d_code=4300100407
ConceptD創作者,https://www.momoshop.com.tw/category/DgrpCategory.jsp?d_code=4300100536
Vero環保系列,https://www.momoshop.com.tw/category/DgrpCategory.jsp?d_code=4300100542
企業商用,https://www.momoshop.com.tw/category/DgrpCategory.jsp?d_code=4300200081&p_orderType=1
▼獨家超值組,https://www.momoshop.com.tw/category/DgrpCategory.jsp?d_code=4300101100
▼升級特仕版,https://www.momoshop.com.tw/category/DgrpCategory.jsp?d_code=4300100380
14吋,https://www.momoshop.com.tw/category/DgrpCategory.jsp?d_code=4300100006
15吋,https://www.momoshop.com.tw/category/DgrpCategory.jsp?d_code=4300100007
16吋,https://www.momoshop.com.tw/category/DgrpCategory.jsp?d_code=4300100138
17吋,https://www.momoshop.com.tw/category/DgrpCategory.jsp?d_code=4300100437
▼1TB外接組,https://www.momoshop.com.tw/category/DgrpCategory.jsp?d_code=4300100781
▼記憶體升級,https://www.momoshop.com.tw/category/DgrpCategory.jsp?d_code=4300100823
▼美型滑鼠組,https://www.momoshop.com.tw/category/DgrpCategory.jsp?d_code=4300100053
全系列電競,https://www.momoshop.com.tw/category/DgrpCategory.jsp?d_code=4300800043&p_orderType=6&showType=chessboardType
▼超值繪圖組,https://www.momoshop.com.tw/category/DgrpCategory.jsp?d_code=4300100539
ConceptD創作者,https://www.momoshop.com.tw/category/DgrpCategory.jsp?d_code=4300100331
▼Office組合,https://www.momoshop.com.tw/category/DgrpCategory.jsp?d_code=4300101063
軍規效能,https://www.momoshop.com.tw/category/DgrpCategory.jsp?d_code=4300200238&p_orderType=6&showType=chessboardType
Lenovo 聯想,https://www.momoshop.com.tw/category/MgrpCategory.jsp?m_code=4300100160
▲熱銷必買,https://www.momoshop.com.tw/category/DgrpCategory.jsp?d_code=4300100490
★最新13代,https://www.momoshop.com.tw/category/DgrpCategory.jsp?d_code=4300100658
萬元文書▼,https://www.momoshop.com.tw/category/DgrpCategory.jsp?d_code=4300100498
★外接硬碟組,https://www.momoshop.com.tw/category/DgrpCategory.jsp?d_code=4300100632
★微軟M365組,https://www.momoshop.com.tw/category/DgrpCategory.jsp?d_code=4300100633
★超猛升級組,https://www.momoshop.com.tw/category/DgrpCategory.jsp?d_code=4300100630
★Xbox超值組,https://www.momoshop.com.tw/category/DgrpCategory.jsp?d_code=4300100629
★Office2021組,https://www.momoshop.com.tw/category/DgrpCategory.jsp?d_code=4300100625
★送藍芽喇叭,https://www.momoshop.com.tw/category/DgrpCategory.jsp?d_code=4300100634
★小資美型組,https://www.momoshop.com.tw/category/DgrpCategory.jsp?d_code=4300100631
週邊配件,https://www.momoshop.com.tw/category/DgrpCategory.jsp?d_code=4300100497
Slim 輕薄,https://www.momoshop.com.tw/category/DgrpCategory.jsp?d_code=4300100324
Flex觸控翻轉,https://www.momoshop.com.tw/category/DgrpCategory.jsp?d_code=4300100535
YOGA 時尚,https://www.momoshop.com.tw/category/DgrpCategory.jsp?d_code=4300100325
Gaming電競,https://www.momoshop.com.tw/category/DgrpCategory.jsp?d_code=4300100327
Legion 電競,https://www.momoshop.com.tw/category/DgrpCategory.jsp?d_code=4300100326
Intel處理器,https://www.momoshop.com.tw/category/DgrpCategory.jsp?d_code=4300100507
AMD處理器,https://www.momoshop.com.tw/category/DgrpCategory.jsp?d_code=4300100508
特仕升級筆電,https://www.momoshop.com.tw/category/DgrpCategory.jsp?d_code=4300100488
14吋,https://www.momoshop.com.tw/category/DgrpCategory.jsp?d_code=4300100190
15吋,https://www.momoshop.com.tw/category/DgrpCategory.jsp?d_code=4300100191
16吋,https://www.momoshop.com.tw/category/DgrpCategory.jsp?d_code=4300100330
ThinkPad 商務,https://www.momoshop.com.tw/category/MgrpCategory.jsp?m_code=4300100179
★熱銷必買,https://www.momoshop.com.tw/category/DgrpCategory.jsp?d_code=4300100510
◆送1TB硬碟,https://www.momoshop.com.tw/category/DgrpCategory.jsp?d_code=4300100638
◆Office2021組,https://www.momoshop.com.tw/category/DgrpCategory.jsp?d_code=4300100635
◆規格升級組,https://www.momoshop.com.tw/category/DgrpCategory.jsp?d_code=4300100637
◆M365超值組,https://www.momoshop.com.tw/category/DgrpCategory.jsp?d_code=4300100639
◆送藍芽喇叭,https://www.momoshop.com.tw/category/DgrpCategory.jsp?d_code=4300100640
特仕專區,https://www.momoshop.com.tw/category/DgrpCategory.jsp?d_code=4300100232
獨顯機種,https://www.momoshop.com.tw/category/DgrpCategory.jsp?d_code=4300100427
AMD處理器,https://www.momoshop.com.tw/category/DgrpCategory.jsp?d_code=4300100244
Intel處理器,https://www.momoshop.com.tw/category/DgrpCategory.jsp?d_code=4300100526
☆優質福利機,https://www.momoshop.com.tw/category/DgrpCategory.jsp?d_code=4300200065
周邊配件,https://www.momoshop.com.tw/category/DgrpCategory.jsp?d_code=4300100235
ThinkBook,https://www.momoshop.com.tw/category/DgrpCategory.jsp?d_code=4300100520
X1系列,https://www.momoshop.com.tw/category/DgrpCategory.jsp?d_code=4300100523
X系列,https://www.momoshop.com.tw/category/DgrpCategory.jsp?d_code=4300100522
L系列,https://www.momoshop.com.tw/category/DgrpCategory.jsp?d_code=4300100524
P系列,https://www.momoshop.com.tw/category/DgrpCategory.jsp?d_code=4300100574
E系列,https://www.momoshop.com.tw/category/DgrpCategory.jsp?d_code=4300100521
T系列,https://www.momoshop.com.tw/category/DgrpCategory.jsp?d_code=4300100525
13吋,https://www.momoshop.com.tw/category/DgrpCategory.jsp?d_code=4300100192
14吋,https://www.momoshop.com.tw/category/DgrpCategory.jsp?d_code=4300100196
15/16吋,https://www.momoshop.com.tw/category/DgrpCategory.jsp?d_code=4300100197
NVIDIA 認證,https://www.momoshop.com.tw/category/DgrpCategory.jsp?d_code=4300100424
HP 惠普,https://www.momoshop.com.tw/category/MgrpCategory.jsp?m_code=4300100013
★現貨熱銷,https://www.momoshop.com.tw/category/DgrpCategory.jsp?d_code=2142700069&p_orderType=4
★全新第11代,https://www.momoshop.com.tw/category/DgrpCategory.jsp?d_code=4300100200
★萬元筆電,https://www.momoshop.com.tw/category/DgrpCategory.jsp?d_code=2142700074&p_orderType=4
★最新13代,https://www.momoshop.com.tw/category/DgrpCategory.jsp?d_code=2142700170&p_orderType=4&showType=chessboardType
★規格再升級,https://www.momoshop.com.tw/category/DgrpCategory.jsp?d_code=4300101119
★送1T硬碟,https://www.momoshop.com.tw/category/DgrpCategory.jsp?d_code=4300100768&p_orderType=1
Office超值組,https://www.momoshop.com.tw/category/DgrpCategory.jsp?d_code=4300101061
獨家好禮組,https://www.momoshop.com.tw/category/DgrpCategory.jsp?d_code=4300100846&p_orderType=1
Victus光影,https://www.momoshop.com.tw/category/DgrpCategory.jsp?d_code=4300100347
HP超品系列,https://www.momoshop.com.tw/category/DgrpCategory.jsp?d_code=4300100400&p_orderType=1
Pavilion星鑽,https://www.momoshop.com.tw/category/DgrpCategory.jsp?d_code=4300100396&p_orderType=1
Pavilion光影電競,https://www.momoshop.com.tw/category/DgrpCategory.jsp?d_code=4300800185&p_orderType=1
OMEN潮競,https://www.momoshop.com.tw/category/DgrpCategory.jsp?d_code=4300100145&p_orderType=1
ENVY極羨,https://www.momoshop.com.tw/category/DgrpCategory.jsp?d_code=4300100397&p_orderType=1
Spectre皇爵,https://www.momoshop.com.tw/category/DgrpCategory.jsp?d_code=4300101114&p_orderType=1
翻轉觸控,https://www.momoshop.com.tw/category/DgrpCategory.jsp?d_code=4300100709&p_orderType=1
商務系列,https://www.momoshop.com.tw/category/DgrpCategory.jsp?d_code=4300100399&p_orderType=1
繪圖工作站,https://www.momoshop.com.tw/category/DgrpCategory.jsp?d_code=4300100936&p_orderType=1
HP原廠配件,https://www.momoshop.com.tw/category/DgrpCategory.jsp?d_code=4300100943&p_orderType=1
13吋以下,https://www.momoshop.com.tw/category/DgrpCategory.jsp?d_code=4300100193&p_orderType=1
14吋,https://www.momoshop.com.tw/category/DgrpCategory.jsp?d_code=4300100194&p_orderType=1
15吋,https://www.momoshop.com.tw/category/DgrpCategory.jsp?d_code=4300100195&p_orderType=1
17吋,https://www.momoshop.com.tw/category/DgrpCategory.jsp?d_code=4300101025
VIP貴賓館,https://www.momoshop.com.tw/category/DgrpCategory.jsp?d_code=4300100867&p_orderType=1
★福利品專區,https://www.momoshop.com.tw/category/DgrpCategory.jsp?d_code=4300100584
微軟 Surface,https://www.momoshop.com.tw/category/MgrpCategory.jsp?m_code=4300100759
★Laptop 5,https://www.momoshop.com.tw/category/DgrpCategory.jsp?d_code=4300100548
★Pro9,https://www.momoshop.com.tw/category/DgrpCategory.jsp?d_code=4300100550
Laptop Go,https://www.momoshop.com.tw/category/DgrpCategory.jsp?d_code=4300100176
Go3,https://www.momoshop.com.tw/category/DgrpCategory.jsp?d_code=4300100135
Pro 8 / i5,https://www.momoshop.com.tw/category/DgrpCategory.jsp?d_code=4300100464
Pro 8 / i7,https://www.momoshop.com.tw/category/DgrpCategory.jsp?d_code=4300100466
Studio,https://www.momoshop.com.tw/category/DgrpCategory.jsp?d_code=4300100465
Laptop 4 / i5,https://www.momoshop.com.tw/category/DgrpCategory.jsp?d_code=4300100297
Laptop 4 / i7,https://www.momoshop.com.tw/category/DgrpCategory.jsp?d_code=4300100298
AMD系列,https://www.momoshop.com.tw/category/DgrpCategory.jsp?d_code=4300100030
Office組合,https://www.momoshop.com.tw/category/DgrpCategory.jsp?d_code=4300100272
Studio 2+,https://www.momoshop.com.tw/category/DgrpCategory.jsp?d_code=4300100578
全系列,https://www.momoshop.com.tw/category/DgrpCategory.jsp?d_code=4300101078
Surface配件,https://www.momoshop.com.tw/category/DgrpCategory.jsp?d_code=4300100762
福利品專區,https://www.momoshop.com.tw/category/DgrpCategory.jsp?d_code=4300100775
MSI 微星,https://www.momoshop.com.tw/category/MgrpCategory.jsp?m_code=4300100239
★熱銷下殺,https://www.momoshop.com.tw/category/DgrpCategory.jsp?d_code=4300100851
★最新13代,https://www.momoshop.com.tw/category/DgrpCategory.jsp?d_code=4300800596
★最新RTX40系列,https://www.momoshop.com.tw/category/DgrpCategory.jsp?d_code=4300800597
全系列,https://www.momoshop.com.tw/category/DgrpCategory.jsp?d_code=2129600121
◆momo獨家,https://www.momoshop.com.tw/category/DgrpCategory.jsp?d_code=4300100650
輕薄商務,https://www.momoshop.com.tw/category/DgrpCategory.jsp?d_code=4300100257
輕薄創作者,https://www.momoshop.com.tw/category/DgrpCategory.jsp?d_code=4300100258
效能電競,https://www.momoshop.com.tw/category/DgrpCategory.jsp?d_code=4300100259
專業電競,https://www.momoshop.com.tw/category/DgrpCategory.jsp?d_code=4300100260
QHD面板,https://www.momoshop.com.tw/category/DgrpCategory.jsp?d_code=4300100660
◆熱銷12代,https://www.momoshop.com.tw/category/DgrpCategory.jsp?d_code=4300100204
◆RTX30系列,https://www.momoshop.com.tw/category/DgrpCategory.jsp?d_code=4300100231
◆超值升級組,https://www.momoshop.com.tw/category/DgrpCategory.jsp?d_code=4300100087
◆EVO專區,https://www.momoshop.com.tw/category/DgrpCategory.jsp?d_code=4300100567
◆Office組合,https://www.momoshop.com.tw/category/DgrpCategory.jsp?d_code=4300100119
◆特仕升級,https://www.momoshop.com.tw/category/DgrpCategory.jsp?d_code=4300101146
◆獨家精選組,https://www.momoshop.com.tw/category/DgrpCategory.jsp?d_code=4300100261
Titan GT系列,https://www.momoshop.com.tw/category/DgrpCategory.jsp?d_code=4300100616
Stealth系列,https://www.momoshop.com.tw/category/DgrpCategory.jsp?d_code=4300100423
Raider GE系列,https://www.momoshop.com.tw/category/DgrpCategory.jsp?d_code=4300100421
Vector GP系列,https://www.momoshop.com.tw/category/DgrpCategory.jsp?d_code=4300100615
Pulse系列,https://www.momoshop.com.tw/category/DgrpCategory.jsp?d_code=4300100618
Sword系列,https://www.momoshop.com.tw/category/DgrpCategory.jsp?d_code=4300100617
Katana系列,https://www.momoshop.com.tw/category/DgrpCategory.jsp?d_code=4300100422
Cyborg系列,https://www.momoshop.com.tw/category/DgrpCategory.jsp?d_code=4300100614
Thin GF系列,https://www.momoshop.com.tw/category/DgrpCategory.jsp?d_code=4300100642
Alpha系列,https://www.momoshop.com.tw/category/DgrpCategory.jsp?d_code=4300100269
Summit系列,https://www.momoshop.com.tw/category/DgrpCategory.jsp?d_code=4300100564
Modern系列,https://www.momoshop.com.tw/category/DgrpCategory.jsp?d_code=4300100425
Prestige系列,https://www.momoshop.com.tw/category/DgrpCategory.jsp?d_code=4300100363
W工作站系列,https://www.momoshop.com.tw/category/DgrpCategory.jsp?d_code=4300100262
電競週邊,https://www.momoshop.com.tw/category/DgrpCategory.jsp?d_code=1906500235&p_orderType=1
筆電配件,https://www.momoshop.com.tw/category/DgrpCategory.jsp?d_code=4300100603
14吋,https://www.momoshop.com.tw/category/DgrpCategory.jsp?d_code=4300100263
15吋,https://www.momoshop.com.tw/category/DgrpCategory.jsp?d_code=4300100242
17吋,https://www.momoshop.com.tw/category/DgrpCategory.jsp?d_code=4300100243
★贈藍芽耳機/音箱,https://www.momoshop.com.tw/category/DgrpCategory.jsp?d_code=4300100107
★贈遊戲搖桿,https://www.momoshop.com.tw/category/DgrpCategory.jsp?d_code=4300100089
GP飆速電競,https://www.momoshop.com.tw/category/DgrpCategory.jsp?d_code=4300100108
DELL 戴爾,https://www.momoshop.com.tw/category/MgrpCategory.jsp?m_code=4300100202
★夯品推薦,https://www.momoshop.com.tw/category/DgrpCategory.jsp?d_code=4300100703
★EVO專區,https://www.momoshop.com.tw/category/DgrpCategory.jsp?d_code=4300100840
★AMD系列,https://www.momoshop.com.tw/category/DgrpCategory.jsp?d_code=4300100323
★電競系列,https://www.momoshop.com.tw/category/DgrpCategory.jsp?d_code=4300100822
Ins 3000系列,https://www.momoshop.com.tw/category/DgrpCategory.jsp?d_code=4300100186
行動工作站,https://www.momoshop.com.tw/category/DgrpCategory.jsp?d_code=4300100961
Latitude商用,https://www.momoshop.com.tw/category/DgrpCategory.jsp?d_code=4300100206
Precision商用,https://www.momoshop.com.tw/category/DgrpCategory.jsp?d_code=4300100602
Vostro家商兩用,https://www.momoshop.com.tw/category/DgrpCategory.jsp?d_code=4300100561
Ins 5000系列,https://www.momoshop.com.tw/category/DgrpCategory.jsp?d_code=4300100934
XPS創作而生,https://www.momoshop.com.tw/category/DgrpCategory.jsp?d_code=4300100562
Ins 14 Plus,https://www.momoshop.com.tw/category/DgrpCategory.jsp?d_code=4300200316
Ins 16 Plus,https://www.momoshop.com.tw/category/DgrpCategory.jsp?d_code=4300100541
特仕專區,https://www.momoshop.com.tw/category/DgrpCategory.jsp?d_code=4300100217
16吋,https://www.momoshop.com.tw/category/DgrpCategory.jsp?d_code=4300200386
15吋,https://www.momoshop.com.tw/category/DgrpCategory.jsp?d_code=4300100208
14吋,https://www.momoshop.com.tw/category/DgrpCategory.jsp?d_code=4300100207
13吋以下,https://www.momoshop.com.tw/category/DgrpCategory.jsp?d_code=4300100101
GIGABYTE 技嘉,https://www.momoshop.com.tw/category/MgrpCategory.jsp?m_code=4300100446
全系列,https://www.momoshop.com.tw/category/DgrpCategory.jsp?d_code=4300100265
G5電競,https://www.momoshop.com.tw/category/DgrpCategory.jsp?d_code=4300100266
AERO創作者,https://www.momoshop.com.tw/category/DgrpCategory.jsp?d_code=4300100820
AORUS電競,https://www.momoshop.com.tw/category/DgrpCategory.jsp?d_code=4300100821
15吋,https://www.momoshop.com.tw/category/DgrpCategory.jsp?d_code=4300100448
17吋,https://www.momoshop.com.tw/category/DgrpCategory.jsp?d_code=4300100041
Ins 5000系列,https://www.momoshop.com.tw/category/DgrpCategory.jsp?d_code=4300100933
★RTX30系列,https://www.momoshop.com.tw/category/DgrpCategory.jsp?d_code=4300100230
Ins 15 Plus,https://www.momoshop.com.tw/category/DgrpCategory.jsp?d_code=4300100180
Dynabook,https://www.momoshop.com.tw/category/MgrpCategory.jsp?m_code=4300100140
★熱銷主打,https://www.momoshop.com.tw/category/DgrpCategory.jsp?d_code=4300100250
★12代新機,https://www.momoshop.com.tw/category/DgrpCategory.jsp?d_code=4300100234
輕薄窄框,https://www.momoshop.com.tw/category/DgrpCategory.jsp?d_code=4300200410
文書效能,https://www.momoshop.com.tw/category/DgrpCategory.jsp?d_code=4300100249
時尚翻轉,https://www.momoshop.com.tw/category/DgrpCategory.jsp?d_code=4300100233
EVO機種,https://www.momoshop.com.tw/category/DgrpCategory.jsp?d_code=4300200334
超值組合,https://www.momoshop.com.tw/category/DgrpCategory.jsp?d_code=4300200335
全系列,https://www.momoshop.com.tw/category/DgrpCategory.jsp?d_code=4300100141
13吋,https://www.momoshop.com.tw/category/DgrpCategory.jsp?d_code=4300100142
14吋,https://www.momoshop.com.tw/category/DgrpCategory.jsp?d_code=4300100143
15吋,https://www.momoshop.com.tw/category/DgrpCategory.jsp?d_code=4300100144
VAIO 日系品牌,https://www.momoshop.com.tw/category/MgrpCategory.jsp?m_code=4300100969
★11代新機,https://www.momoshop.com.tw/category/DgrpCategory.jsp?d_code=4300100313
全系列,https://www.momoshop.com.tw/category/DgrpCategory.jsp?d_code=4300200154
VAIO Z,https://www.momoshop.com.tw/category/DgrpCategory.jsp?d_code=4300100256
SE14系列,https://www.momoshop.com.tw/category/DgrpCategory.jsp?d_code=4300101108
E15系列,https://www.momoshop.com.tw/category/DgrpCategory.jsp?d_code=4300100271
SX14 系列,https://www.momoshop.com.tw/category/DgrpCategory.jsp?d_code=4300100971
14吋,https://www.momoshop.com.tw/category/DgrpCategory.jsp?d_code=1907100223
15吋,https://www.momoshop.com.tw/category/DgrpCategory.jsp?d_code=4300100216
超值組合,https://www.momoshop.com.tw/category/DgrpCategory.jsp?d_code=4300100344
13吋以下,https://www.momoshop.com.tw/category/DgrpCategory.jsp?d_code=4300100975
SX12 系列,https://www.momoshop.com.tw/category/DgrpCategory.jsp?d_code=4300101201
FE14/15系列,https://www.momoshop.com.tw/category/DgrpCategory.jsp?d_code=4300100215
AVITA美國時尚品牌,https://www.momoshop.com.tw/category/MgrpCategory.jsp?m_code=4300100877
★熱銷必買,https://www.momoshop.com.tw/category/DgrpCategory.jsp?d_code=4300100998
全系列,https://www.momoshop.com.tw/category/DgrpCategory.jsp?d_code=4300100057
LIBER V系列,https://www.momoshop.com.tw/category/DgrpCategory.jsp?d_code=4300100150
Essential系列,https://www.momoshop.com.tw/category/DgrpCategory.jsp?d_code=4300100175
超值組合,https://www.momoshop.com.tw/category/DgrpCategory.jsp?d_code=4300100120
14吋,https://www.momoshop.com.tw/category/DgrpCategory.jsp?d_code=4300100901
2in1系列,https://www.momoshop.com.tw/category/DgrpCategory.jsp?d_code=4300100348
13吋,https://www.momoshop.com.tw/category/DgrpCategory.jsp?d_code=4300100403
周邊配件,https://www.momoshop.com.tw/category/DgrpCategory.jsp?d_code=4300100388
全新11代,https://www.momoshop.com.tw/category/DgrpCategory.jsp?d_code=4300100389
AMD系列,https://www.momoshop.com.tw/category/DgrpCategory.jsp?d_code=4300100205
Intel系列,https://www.momoshop.com.tw/category/DgrpCategory.jsp?d_code=4300100118
活動專區,https://www.momoshop.com.tw/category/DgrpCategory.jsp?d_code=4300100387
LG gram,https://www.momoshop.com.tw/category/MgrpCategory.jsp?m_code=4300101178
★夯品推薦,https://www.momoshop.com.tw/category/DgrpCategory.jsp?d_code=4300100254
特規升級,https://www.momoshop.com.tw/category/DgrpCategory.jsp?d_code=4300100134
全系列,https://www.momoshop.com.tw/category/DgrpCategory.jsp?d_code=4300100177
◆超值組合,https://www.momoshop.com.tw/category/DgrpCategory.jsp?d_code=4300100218
◆EVO專區,https://www.momoshop.com.tw/category/DgrpCategory.jsp?d_code=4300100568
14吋筆電,https://www.momoshop.com.tw/category/DgrpCategory.jsp?d_code=1907100166
14吋筆電,https://www.momoshop.com.tw/category/DgrpCategory.jsp?d_code=4300100654
15吋筆電,https://www.momoshop.com.tw/category/DgrpCategory.jsp?d_code=1907100165
15吋筆電,https://www.momoshop.com.tw/category/DgrpCategory.jsp?d_code=4300100655
16吋筆電,https://www.momoshop.com.tw/category/DgrpCategory.jsp?d_code=4300100253
17吋筆電,https://www.momoshop.com.tw/category/DgrpCategory.jsp?d_code=4300100656
17吋筆電,https://www.momoshop.com.tw/category/DgrpCategory.jsp?d_code=1907100227
Fujitsu 富士通,https://www.momoshop.com.tw/category/MgrpCategory.jsp?m_code=4300100274
11代CPU,https://www.momoshop.com.tw/category/DgrpCategory.jsp?d_code=4300100302
10代CPU,https://www.momoshop.com.tw/category/DgrpCategory.jsp?d_code=4300100303
13吋,https://www.momoshop.com.tw/category/DgrpCategory.jsp?d_code=4300100275
14吋,https://www.momoshop.com.tw/category/DgrpCategory.jsp?d_code=4300100276
15吋,https://www.momoshop.com.tw/category/DgrpCategory.jsp?d_code=4300100277
全系列,https://www.momoshop.com.tw/category/DgrpCategory.jsp?d_code=4300100897
CJSCOPE 喜傑獅,https://www.momoshop.com.tw/category/MgrpCategory.jsp?m_code=4300100636
★熱銷推薦,https://www.momoshop.com.tw/category/DgrpCategory.jsp?d_code=1906500349
★贈M365,https://www.momoshop.com.tw/category/DgrpCategory.jsp?d_code=4300100282
FORGE商用系列,https://www.momoshop.com.tw/category/DgrpCategory.jsp?d_code=4300100280
ZX輕薄效能,https://www.momoshop.com.tw/category/DgrpCategory.jsp?d_code=4300100168
MARS電競,https://www.momoshop.com.tw/category/DgrpCategory.jsp?d_code=4300100238
RZ極致電競,https://www.momoshop.com.tw/category/DgrpCategory.jsp?d_code=4300100170
全系列,https://www.momoshop.com.tw/category/DgrpCategory.jsp?d_code=4300100281
CAESAR強效,https://www.momoshop.com.tw/category/DgrpCategory.jsp?d_code=4300100237
Razer 雷蛇,https://www.momoshop.com.tw/category/MgrpCategory.jsp?m_code=4300100099
★熱銷首選,https://www.momoshop.com.tw/category/DgrpCategory.jsp?d_code=4300100292
14吋,https://www.momoshop.com.tw/category/DgrpCategory.jsp?d_code=4300100619
全系列,https://www.momoshop.com.tw/category/DgrpCategory.jsp?d_code=4300100181
13吋,https://www.momoshop.com.tw/category/DgrpCategory.jsp?d_code=4300100288
15吋,https://www.momoshop.com.tw/category/DgrpCategory.jsp?d_code=4300100290
16吋,https://www.momoshop.com.tw/category/DgrpCategory.jsp?d_code=4300100622
17吋,https://www.momoshop.com.tw/category/DgrpCategory.jsp?d_code=4300100291
★贈電競喇叭,https://www.momoshop.com.tw/category/DgrpCategory.jsp?d_code=4300100287
★贈北海巨妖,https://www.momoshop.com.tw/category/DgrpCategory.jsp?d_code=4300100286
HUAWEI華為,https://www.momoshop.com.tw/category/MgrpCategory.jsp?m_code=4300100295
全系列,https://www.momoshop.com.tw/category/DgrpCategory.jsp?d_code=4300100793
Digitek,https://www.momoshop.com.tw/category/MgrpCategory.jsp?m_code=4300100473
熱銷搶先看,https://www.momoshop.com.tw/category/DgrpCategory.jsp?d_code=4300100474
其他品牌筆電(A-Z),https://www.momoshop.com.tw/category/MgrpCategory.jsp?m_code=4300100024
acer特仕機,https://www.momoshop.com.tw/category/DgrpCategory.jsp?d_code=4300101004
ADATA威剛,https://www.momoshop.com.tw/category/DgrpCategory.jsp?d_code=4300800220
ThinkPad商務,https://www.momoshop.com.tw/category/DgrpCategory.jsp?d_code=2142800074&p_orderType=4&showType=chessboardType
Genuine捷元,https://www.momoshop.com.tw/category/DgrpCategory.jsp?d_code=4300100102
NEXSTGO,https://www.momoshop.com.tw/category/DgrpCategory.jsp?d_code=4300100956
Panasonic,https://www.momoshop.com.tw/category/DgrpCategory.jsp?d_code=4300100082
Logah 造型小筆電,https://www.momoshop.com.tw/category/DgrpCategory.jsp?d_code=4300100643
MR 混和實境,https://www.momoshop.com.tw/category/DgrpCategory.jsp?d_code=4300100874
ThundeRobot 雷神,https://www.momoshop.com.tw/category/DgrpCategory.jsp?d_code=4300100645
NVIDIA STUDIO 創作者專區,https://www.momoshop.com.tw/category/MgrpCategory.jsp?m_code=4300100074
GeForce RTX 3080,https://www.momoshop.com.tw/category/DgrpCategory.jsp?d_code=4300100336
GeForce RTX 3070,https://www.momoshop.com.tw/category/DgrpCategory.jsp?d_code=4300100337
GeForce RTX 3060,https://www.momoshop.com.tw/category/DgrpCategory.jsp?d_code=4300100338
GeForce RTX 3050 系列,https://www.momoshop.com.tw/category/DgrpCategory.jsp?d_code=4300100390
GeForce RTX 20 系列,https://www.momoshop.com.tw/category/DgrpCategory.jsp?d_code=4300100339
Quadro 系列,https://www.momoshop.com.tw/category/DgrpCategory.jsp?d_code=4300100340
3D 動畫,https://www.momoshop.com.tw/category/DgrpCategory.jsp?d_code=4300100391
影片編輯,https://www.momoshop.com.tw/category/DgrpCategory.jsp?d_code=4300100392
攝影,https://www.momoshop.com.tw/category/DgrpCategory.jsp?d_code=4300100393
繪圖設計,https://www.momoshop.com.tw/category/DgrpCategory.jsp?d_code=4300100394
直播,https://www.momoshop.com.tw/category/DgrpCategory.jsp?d_code=4300100395
建築視覺化,https://www.momoshop.com.tw/category/DgrpCategory.jsp?d_code=4300100398
依價格挑選,https://www.momoshop.com.tw/category/MgrpCategory.jsp?m_code=4300100988
萬元以下,https://www.momoshop.com.tw/category/DgrpCategory.jsp?d_code=4300100359
1萬~1.5萬,https://www.momoshop.com.tw/category/DgrpCategory.jsp?d_code=4300100360
1.5萬~2.5萬,https://www.momoshop.com.tw/category/DgrpCategory.jsp?d_code=4300100361
2.5萬~3萬,https://www.momoshop.com.tw/category/DgrpCategory.jsp?d_code=4300100362
3萬以上,https://www.momoshop.com.tw/category/DgrpCategory.jsp?d_code=4300100364
